Title,ReleaseDate,Metacritic
BioShock,Aug 21 2007,96
Grand Theft Auto V,Apr 13 2015,96
Half-Life,Nov 8 1998,96
Half-Life 2,Nov 16 2004,96
Portal 2,Apr 18 2011,95
Portal 2,Apr 18 2011,95
Portal 2 - Pre-order,Apr 18 2011,95
BioShock Infinite,Mar 25 2013,94
Divinity: Original Sin Enhanced Edition,Oct 27 2015,94
Grand Theft Auto: Vice City,Jan 10 2011,94
Mass Effect 2,Jan 26 2010,94
Quake,Aug 3 2007,94
Sid Meier's Civilization IV,Oct 25 2006,94
Sid Meier's Civilization IV,Oct 25 2006,94
Sid Meier's Civilization IV,Oct 25 2006,94
Sid Meier's Civilization VI,Oct 20 2016,94
The Elder Scrolls IV: Oblivion ,Jun 16 2009,94
The Elder Scrolls V: Skyrim,Nov 10 2011,94
Company of Heroes,Jul 17 2007,93
Grand Theft Auto III,Jan 6 2011,93
Grand Theft Auto: San Andreas,Jan 6 2011,93
The Witcher 3: Wild Hunt,May 18 2015,93
Unreal Tournament 2004,Mar 17 2004,93
Call of Duty 4: Modern Warfare,Nov 12 2007,92
Galactic Civilizations II: Ultimate Edition,Dec 2 2011,92
Out of the Park Baseball 17,Mar 22 2016,92
Rome: Total War,Aug 28 2007,92
System Shock 2,May 10 2013,92
Team Fortress 2,Oct 10 2007,92
Thief Gold,May 22 2012,92
Tom Clancy's Splinter Cell: Chaos Theory,Aug 27 2009,92
Undertale,Sep 15 2015,92
Unreal Tournament: Game of the Year Edition,Mar 17 2008,92
Batman: Arkham Asylum,Mar 26 2010,91
Batman: Arkham Asylum GOTY Edition,Mar 26 2010,91
Batman: Arkham Asylum GOTY Edition,Mar 26 2010,91
Batman: Arkham City GOTY,Sep 7 2012,91
Call of Duty,Oct 13 2006,91
Crysis,Sep 17 2008,91
DARK SOULS™ II,Apr 25 2014,91
Deus Ex: Human Revolution - Director's Cut,Oct 25 2013,91
Dishonored,Oct 8 2012,91
Dragon Age: Origins,Nov 5 2009,91
Dragon Age: Origins - Ultimate Edition,Oct 26 2010,91
Fallout 3,Oct 28 2008,91
Fallout 3 - Game of the Year Edition,Dec 17 2009,91
FEZ,May 1 2013,91
Freespace 2,Jun 6 2014,91
Mark of the Ninja,Oct 16 2012,91
METAL GEAR SOLID V: THE PHANTOM PAIN,Sep 1 2015,91
STAR WARS™ Jedi Knight: Dark Forces II,Sep 16 2009,91
Street Fighter IV,Jul 7 2009,91
The Longest Journey,May 1 2007,91
Tom Clancy's Splinter Cell,Apr 1 2008,91
Tumblestone,Jul 12 2016,91
Braid,Apr 10 2009,90
Brothers - A Tale of Two Sons,Sep 3 2013,90
Deus Ex: Game of the Year Edition,Mar 29 2007,90
Dota 2,Jul 9 2013,90
Empire: Total War,Mar 3 2009,90
Freedom Force,May 29 2009,90
Grand Theft Auto IV,Dec 2 2008,90
Half-Life 2: Episode Two,Oct 10 2007,90
Mac Portal,Oct 10 2007,90
NBA 2K13,Oct 30 2012,90
Portal,Oct 10 2007,90
Sid Meier's Civilization III: Complete,Oct 25 2006,90
Sid Meier's Civilization V,Sep 21 2010,90
Sid Meier's Civilization V,Sep 21 2010,90
Silent Hunter III,Jun 13 2008,90
Spelunky,Aug 8 2013,90
Stephen's Sausage Roll,Apr 17 2016,90
Tadpole Treble,Sep 2 2016,90
World of Goo,Oct 13 2008,90
Borderlands 2,Sep 17 2012,89
DARK SOULS III,Apr 11 2016,89
Fallout,Aug 19 2009,89
Far Cry,Apr 1 2008,89
Guild Wars: Game of the Year Edition,Apr 22 2009,89
Left 4 Dead,Nov 17 2008,89
Left 4 Dead 2,Nov 16 2009,89
Mass Effect,Dec 19 2008,89
Max Payne,Jan 4 2008,89
Pillars of Eternity,Mar 26 2015,89
Prince of Persia: The Sands of Time,Nov 21 2008,89
Railroad Tycoon 2: Platinum,May 4 2007,89
Rayman Legends,Sep 3 2013,89
Rise of Nations: Extended Edition,Jun 12 2014,89
Sacrifice,Aug 19 2009,89
STAR WARS™ Jedi Knight II: Jedi Outcast™,Sep 16 2009,89
The Elder Scrolls III: Morrowind,Jun 16 2009,89
XCOM: Enemy Unknown,Oct 8 2012,89
Assassin's Creed Brotherhood,Mar 22 2011,88
BioShock 2,Feb 9 2010,88
Counter-Strike,Nov 1 2000,88
Counter-Strike: Source,Nov 1 2004,88
EVE Online,Dec 15 2010,88
F.E.A.R.,May 21 2010,88
F.E.A.R.,May 21 2010,88
F.E.A.R.,May 21 2010,88
F.E.A.R.: Extraction Point,May 21 2010,88
F.E.A.R.: Perseus Mandate,May 21 2010,88
Far Cry® 3,Dec 4 2012,88
Guacamelee! Gold Edition,Aug 8 2013,88
INSIDE,Jul 7 2016,88
Kerbal Space Program,Apr 27 2015,88
LIMBO,Aug 2 2011,88
Medieval II: Total War,Nov 27 2007,88
Nuclear Throne,Dec 5 2015,88
Ori and the Blind Forest,Mar 10 2015,88
Ori and the Blind Forest: Definitive Edition,Apr 27 2016,88
Return to Castle Wolfenstein,Aug 3 2007,88
Sid Meier's Pirates!,Jul 11 2005,88
Stardew Valley,Feb 26 2016,88
Super Hexagon,Nov 27 2012,88
The Stanley Parable,Oct 17 2013,88
The Witcher 2: Assassins of Kings Enhanced Edition,Apr 16 2012,88
Thirty Flights of Loving,Aug 20 2012,88
Torchlight II,Sep 20 2012,88
XCOM 2,Feb 4 2016,88
Battlefield: Bad Company 2,Mar 2 2010,87
Brothers in Arms: Road to Hill 30,May 13 2008,87
Burnout Paradise: The Ultimate Box,Mar 12 2009,87
Call of Duty: United Offensive,Oct 13 2006,87
Commandos 2: Men of Courage,Mar 15 2007,87
Company of Heroes: Opposing Fronts,Sep 24 2007,87
Crypt of the NecroDancer,Apr 23 2015,87
Dead Space 2,Jan 25 2011,87
Divinity: Original Sin (Classic),Jun 30 2014,87
DOOM 3,Aug 3 2007,87
Dying Light,Jan 26 2015,87
Europa Universalis IV,Aug 13 2013,87
GRID,Jun 4 2008,87
Half-Life 2: Episode One,Jun 1 2006,87
HEX: Shards of Fate,Apr 19 2016,87
Hitman 2: Silent Assassin,Mar 15 2007,87
Kohan: Immortal Sovereigns,Aug 24 2011,87
Max Payne 3,May 31 2012,87
Monkey Island 2: Special Edition,Jul 7 2010,87
Oddworld: New 'n' Tasty,Feb 25 2015,87
Plants vs. Zombies: Game of the Year,May 5 2009,87
Psychonauts,Oct 11 2006,87
Serious Sam Classic: The First Encounter,Mar 22 2010,87
Shadowrun: Dragonfall - Director's Cut,Sep 18 2014,87
Sins of a Solar Empire: Trinity,Nov 16 2011,87
STEINS;GATE,Sep 8 2016,87
Super Meat Boy,Nov 30 2010,87
The Swapper,May 30 2013,87
The Witness,Jan 26 2016,87
Thief 2,May 22 2012,87
TowerFall Ascension,Mar 11 2014,87
"Warhammer 40,000: Dawn of War – Dark Crusade",Aug 7 2007,87
Wasteland 2,Sep 18 2014,87
Year Walk,Mar 6 2014,87
Age of Wonders 2,Oct-10,86
Assassin's Creed II,Mar 9 2010,86
Assassin's Creed II - Unlockable Content Key,Mar 9 2010,86
Astebreed,May 30 2014,86
Bastion,Aug 16 2011,86
Battlefield Bad Company 2: Vietnam Pre-order,Dec 18 2010,86
Battlefield: Bad Company 2 Vietnam,Dec 18 2010,86
Bionic Commando Rearmed,Jul 28 2009,86
Black Mesa,May 5 2015,86
Call of Duty 2,Oct 13 2006,86
Call of Duty: Modern Warfare 2,Nov 11 2009,86
Call of Duty: Modern Warfare 2,Nov 11 2009,86
Call of Duty: Modern Warfare 2 - Multiplayer,Nov 11 2009,86
Chime Sharp,Jul 19 2016,86
Day of the Tentacle Remastered,Mar 21 2016,86
Dead Space,Jan 9 2009,86
DiRT 3 Complete Edition,Apr 1 2015,86
DiRT Rally,Dec 7 2015,86
Dishonored 2,Nov 11 2016,86
Dungeon Siege,Apr 5 2011,86
F1 2016,Aug 18 2016,86
Fallout 2,Aug 19 2009,86
Gone Home,Aug 15 2013,86
Ground Control Anthology,Jul 8 2015,86
Her Story,Jun 24 2015,86
Homeworld Remastered Collection,Feb 25 2015,86
IL-2 Sturmovik: 1946,Jun 13 2008,86
IL-2 Sturmovik: 1946,Jun 13 2008,86
Max Payne 2: The Fall of Max Payne,Jan 4 2008,86
Mushihimesama,Nov 12 2015,86
Need for Speed: Hot Pursuit,Dec 14 2010,86
Pacific Fighters,Jun 13 2008,86
Path of Exile,Oct 23 2013,86
Pony Island,Jan 4 2016,86
Rayman Origins,Mar 29 2012,86
Resident Evil 5 / Biohazard 5,Sep 15 2009,86
Rise of the Tomb Raider,Jan 28 2016,86
Rocket League,Jul 7 2015,86
Saints Row IV,Aug 19 2013,86
Sid Meier's Civilization IV: Beyond the Sword,Jul 24 2007,86
Sid Meier's Civilization IV: Beyond the Sword,Jul 24 2007,86
Sid Meier's Civilization IV: Beyond the Sword,Jul 24 2007,86
Startopia,Oct 10 2013,86
Supreme Commander,Sep 28 2011,86
The Lord of the Rings Online™,Jun 6 2012,86
The Lord of the Rings Online™: Riders of Rohan™ Heroic Edition Live,Jun 6 2012,86
The Secret of Monkey Island: Special Edition,Jul 15 2009,86
The Sims 3: Katy Perry’s Sweet Treats,Jan 27 2011,86
The Sims(TM) 3,Jan 27 2011,86
The Sims 3 - Showtime Katy Perry Collectors Edition,Jan 27 2011,86
The Witcher: Enhanced Edition,Sep 19 2008,86
Tomb Raider,Mar 4 2013,86
Total Annihilation,Dec 18 2015,86
Total War: SHOGUN 2 - Fall of the Samurai,Mar 22 2012,86
Total War: WARHAMMER,May 24 2016,86
Tribes: Ascend,Jun 27 2012,86
"Warhammer 40,000: Dawn of War - Game of the Year Edition",Aug 7 2007,86
Amnesia: The Dark Descent,Sep 8 2010,85
Assetto Corsa,Dec 19 2014,85
Audiosurf,Feb 15 2008,85
BattleBlock Theater,May 15 2014,85
BIT.TRIP Presents... Runner2: Future Legend of Rhythm Alien,Feb 26 2013,85
Chaos Reborn,Oct 26 2015,85
Cities: Skylines,Mar 10 2015,85
Command and Conquer 3: Tiberium Wars,Nov 13 2009,85
Crimzon Clover  WORLD IGNITION,Jun 6 2014,85
Dark Souls: Prepare to Die Edition,Aug 23 2012,85
DmC Devil May Cry,Jan 24 2013,85
DOOM,May 12 2016,85
Falcon 4.0,Jan 8 2016,85
Far Cry 2,Oct 22 2008,85
Frozen Synapse,May 26 2011,85
Giants: Citizen Kabuto,Dec 2 2016,85
Hotline Miami,Oct 23 2012,85
Machinarium,Oct 16 2009,85
Medieval II: Total War Kingdoms,Nov 27 2007,85
Mega Man Legacy Collection,Aug 24 2015,85
Mighty Switch Force! Hyper Drive Edition,Jun 25 2015,85
Nancy Drew: The Haunted Carousel,Oct 10 2009,85
"Papers, Please",Aug 8 2013,85
Prince of Persia: The Two Thrones,Nov 21 2008,85
Roche Fusion,Jan 23 2015,85
Rogue Legacy,Jun 27 2013,85
Sam & Max 204: Chariots of the Dogs,May 16 2008,85
Serious Sam Classic: The Second Encounter,Sep 22 2010,85
Shovel Knight,Jun 26 2014,85
STAR WARS™ Knights of the Old Republic™ II: The Sith Lords™,Aug 23 2012,85
System Shock: Enhanced Edition,Oct 22 2015,85
The Legend of Heroes: Trails in the Sky,Jul 29 2014,85
The Talos Principle,Dec 11 2014,85
The Wolf Among Us,Oct 11 2013,85
Thief: Deadly Shadows,Mar 29 2007,85
Tom Clancy's Rainbow Six 3: Gold Edition,Sep 25 2008,85
Tom Clancy's Rainbow Six: Vegas,Apr 9 2008,85
Trials Evolution Gold Edition,Mar 21 2013,85
"Warhammer® 40,000™: Dawn of War® II",Feb 18 2009,85
"Warhammer® 40,000™: Dawn of War® II - Chaos Rising™",Mar 10 2010,85
Wizardry 8,Sep 10 2013,85
Zenzizenzic,Jul 23 2015,85
80 Days,Sep 28 2015,84
ABZU,Aug 2 2016,84
"Ben There, Dan That!",Aug 25 2009,84
Brothers in Arms: Earned in Blood,Oct 10 2008,84
Bulb Boy,Oct 29 2015,84
Crysis Warhead,Sep 17 2008,84
Crysis Warhead,Sep 17 2008,84
Crysis Wars,Sep 17 2008,84
Danganronpa 2: Goodbye Despair,Apr 18 2016,84
Darkest Dungeon,Jan 19 2016,84
Darwinia,Jul 14 2005,84
DEFCON,Sep 29 2006,84
Disciples II: Gallean's Return,Jul 6 2006,84
Downwell,Oct 15 2015,84
Enter the Gungeon,Apr 5 2016,84
Event[0],Sep 14 2016,84
F1 2010™,Sep 21 2010,84
Fallout 4,Nov 9 2015,84
Fallout: New Vegas,Oct 19 2010,84
Fallout: New Vegas,Oct 19 2010,84
Fallout: New Vegas,Oct 19 2010,84
FINAL FANTASY IX,Apr 14 2016,84
FTL: Faster Than Light,Sep 14 2012,84
Giana Sisters: Twisted Dreams - Rise of the Owlverlord,Sep 26 2013,84
Goblin Menace DLC,Jun 6 2013,84
Grim Fandango Remastered,Jan 26 2015,84
GT Legends,Nov 28 2012,84
Guild Wars: Factions,Apr 22 2009,84
Guild Wars: Nightfall,Apr 22 2009,84
GUILTY GEAR Xrd -SIGN-,Dec 9 2015,84
Hyper Light Drifter,Mar 31 2016,84
Ikaruga,Feb 18 2014,84
Just Cause 2,Mar 23 2010,84
Might & Magic: Duel of Champions,Nov 7 2013,84
Pinball FX2,May 10 2013,84
PlanetSide 2,Nov 20 2012,84
Puzzle Quest,Jan 29 2008,84
RIFT,Mar 1 2011,84
Saints Row: The Third,Nov 14 2011,84
Salt and Sanctuary,May 17 2016,84
Shatter,Mar 15 2010,84
Shift 2 Unleashed,Mar 29 2011,84
Sid Meier's Civilization IV: Warlords,Apr 6 2007,84
Sid Meier's Civilization IV: Warlords,Apr 6 2007,84
Sid Meier's Civilization IV: Warlords,Apr 6 2007,84
SOMA,Sep 21 2015,84
SpaceChem,Mar 2 2011,84
SpeedRunners,Apr 19 2016,84
Spore,Dec 19 2008,84
Sub Command,Oct 26 2006,84
The Binding of Isaac,Sep 28 2011,84
"Time Gentlemen, Please!",Aug 25 2009,84
"Time Gentlemen, Please!",Aug 25 2009,84
Trine 2,Jun 6 2013,84
Trine 2,Jun 6 2013,84
Tron 2.0,Oct 10 2014,84
Ultimate General: Gettysburg,Oct 16 2014,84
Unity of Command,Oct 17 2012,84
Alan Wake,Feb 16 2012,83
Anno 2070,Nov 17 2011,83
Beyond Sol,Oct 13 2015,83
Broforce,Oct 15 2015,83
Call of Duty: World at War,Nov 18 2008,83
Cave Story+,Nov 22 2011,83
CLANNAD,Nov 23 2015,83
Counter-Strike: Global Offensive,Aug 21 2012,83
Danganronpa: Trigger Happy Havoc,Feb 18 2016,83
DarkMaus,Jan 26 2016,83
Darksiders,Sep 22 2010,83
Darksiders,Sep 22 2010,83
Devil Daggers,Feb 18 2016,83
Divide by Sheep,Jul 2 2015,83
Don't Starve Together,Apr 21 2016,83
DOOM II: Hell on Earth,Aug 3 2007,83
Door Kickers,Oct 20 2014,83
Duskers,May 18 2016,83
Europa Universalis III,Feb 4 2009,83
EverQuest II,Dec 7 2011,83
F1 2011,Sep 19 2011,83
Fable - The Lost Chapters,Dec 19 2011,83
FINAL FANTASY XIV: A Realm Reborn,Feb 18 2014,83
Frozen Synapse Prime,Nov 14 2014,83
Galactic Civilizations I: Ultimate Edition,Aug 14 2012,83
Grim Dawn,Feb 25 2016,83
Gunpoint,Jun 3 2013,83
Hearts of Iron II: Complete,Jan 23 2009,83
Hearts of Iron IV,Jun 6 2016,83
HELLDIVERS™,Dec 7 2015,83
ibb & obb,May 26 2014,83
Independence War 2: Edge of Chaos,May 7 2015,83
L.A. Noire,Nov 8 2011,83
MDK 2,Sep 17 2009,83
METAL GEAR RISING: REVENGEANCE,Jan 9 2014,83
Monaco,Apr 24 2013,83
Mr. Robot,Nov 3 2008,83
Need for Speed: SHIFT,Oct 6 2009,83
Orcs Must Die!,Oct 11 2011,83
Orcs Must Die! 2,Nov 22 2012,83
Outland,Sep 29 2014,83
Prince of Persia: Warrior Within,Nov 21 2008,83
Prison Architect,Oct 6 2015,83
Project CARS,Mar 15 2015,83
Puzzle Quest 2,Aug 12 2010,83
RACE 07,Oct 15 2007,83
Riven,Aug 4 2010,83
Sid Meier's Civilization IV: Colonization,Sep 23 2008,83
Sid Meier's Civilization IV: Colonization,Sep 23 2008,83
Sid Meier's Civilization IV: Colonization,Sep 23 2008,83
Silent Storm,Oct 2 2013,83
Skullgirls,Aug 22 2013,83
SMITE,Sep 8 2015,83
Starseed Pilgrim,Apr 16 2013,83
SteamWorld Heist,Jun 7 2016,83
Stick It To The Man!,Dec 13 2013,83
Tales from Space: Mutant Blobs Attack,Aug 15 2012,83
Terraria,May 16 2011,83
Terrian Saga: KR-17,Jul 9 2014,83
The Floor is Jelly,May 30 2014,83
This War of Mine,Nov 14 2014,83
Tom Clancy's Splinter Cell Conviction,Apr 29 2010,83
Tom Clancy's Splinter Cell: Conviction,Apr 29 2010,83
Tomb Raider: Anniversary,Jun 5 2007,83
Torchlight,Oct 27 2009,83
Transistor,May 20 2014,83
Universe Sandbox,Apr 29 2011,83
Unreal Tournament 3: Black Edition,Mar 5 2009,83
Valdis Story: Abyssal City,Oct 30 2013,83
Act of War: Direct Action,Mar 12 2008,82
Age of Wonders: Shadow Magic,Oct-10,82
Antichamber,Jan 31 2013,82
Aquaria,Dec 15 2008,82
Avadon 2: The Corruption,Oct 30 2013,82
B-17 Flying Fortress: The Mighty 8th,Oct 30 2014,82
Bejeweled 3,Dec 7 2010,82
BLACKHOLE,Feb 27 2015,82
Blood: One Unit Whole Blood,Jul 14 2014,82
Botanicula,May 7 2012,82
Broken Sword 3 - the Sleeping Dragon,Dec 2 2009,82
Bulletstorm,Feb 21 2011,82
Command and Conquer: Red Alert 3,Jan 8 2009,82
Crusader Kings II,Feb 14 2012,82
Dangerous Waters,Feb 7 2006,82
Dawn of Discovery,Jun 23 2009,82
Desktop Dungeons,Nov 7 2013,82
Deus Ex: Mankind Divided™,Aug 23 2016,82
Dominions 3,Sep 10 2013,82
Dragon Age: Origins - Awakening,Mar 16 2010,82
Duck Game,Jun 4 2015,82
Duelyst,Aug 23 2016,82
Endless Legend,Sep 18 2014,82
Ether One,Mar 25 2014,82
Fallout Tactics,Aug 19 2009,82
Gemini Rue,Oct 26 2011,82
Hacknet,Aug 12 2015,82
Hitman: Blood Money,Mar 15 2007,82
"Invisible, Inc.",May 12 2015,82
Joe Danger 2: The Movie,Jun 24 2013,82
Kero Blaster,Nov 11 2015,82
King's Bounty: Armored Princess,Nov 19 2009,82
Lara Croft and the Guardian of Light,Sep 28 2010,82
Legend of Grimrock,Apr 11 2012,82
Lethal League,Aug 27 2014,82
Monday Night Combat,Jan 24 2011,82
Monday Night Combat,Jan 24 2011,82
Motorsport Manager,Nov 9 2016,82
OlliOlli2: Welcome to Olliwood,Aug 11 2015,82
Prince of Persia,Dec 10 2008,82
Quadrilateral Cowboy,Jul 25 2016,82
Realm of the Mad God,Feb 20 2012,82
Recettear: An Item Shop's Tale,Sep 10 2010,82
Red Faction: Guerrilla Steam Edition,Sep 15 2009,82
Resident Evil / biohazard HD REMASTER,Jan 19 2015,82
Rising Storm,May 30 2013,82
S.T.A.L.K.E.R.: Shadow of Chernobyl,Mar 20 2007,82
Sam & Max 201: Ice Station Santa,May 16 2008,82
Sins of a Solar Empire: Rebellion,Jun 12 2012,82
Sokobond,Jul 21 2014,82
Starbound,Jul 22 2016,82
Strong Bad Episode 1: Homestar Ruiner,Dec 18 2008,82
SUPERHOT,Feb 25 2016,82
Syberia,May 19 2011,82
Technobabylon,May-15,82
The Banner Saga 2,Apr 19 2016,82
The Book of Unwritten Tales,Jul 31 2012,82
The Guild Gold Edition,Sep 9 2014,82
The Last Express Gold Edition,Nov 21 2013,82
The Next Penelope,May 29 2015,82
The Vanishing of Ethan Carter,Sep 25 2014,82
The Walking Dead,Apr 24 2012,82
Tom Clancy's Ghost Recon: Desert Siege,Jul 15 2008,82
Tom Clancy's Ghost Recon: Island Thunder,Jul 15 2008,82
Tomb Raider: Legend,Mar 29 2007,82
War Thunder,Aug 15 2013,82
Waves,Nov 16 2011,82
WildStar,Jun 9 2016,82
Xpand Rally,Aug 24 2006,82
AaAaAA!!! - A Reckless Disregard for Gravity,Sep 3 2009,81
Age of Empires® III: Complete Collection,Jan 5 2012,81
Alien: Isolation,Oct 6 2014,81
Arcanum,Aug 29 2016,81
Ashes of the Singularity: Escalation,Nov 10 2016,81
Borderlands,Oct 26 2009,81
Call of Duty: Black Ops,Nov 9 2010,81
Call of Duty: Black Ops - Multiplayer,Nov 9 2010,81
"Codename: Panzers, Phase One",Feb 18 2016,81
Company of Heroes 2 - Ardennes Assault,Nov 17 2014,81
Critical Mass,Jun 20 2011,81
Dangerous High School Girls in Trouble!,Feb 23 2009,81
Darkest Hour: A Hearts of Iron Game,Apr 8 2011,81
Defense Grid 2,Sep 23 2014,81
Defense Grid: The Awakening,Dec 8 2008,81
Distant Worlds: Universe,May 23 2014,81
Divine Divinity,Jul 5 2012,81
Dragon's Dogma: Dark Arisen,Jan 15 2016,81
Dungeon Defenders,Oct 18 2011,81
Far Cry® 3 Blood Dragon,May 1 2013,81
Firewatch,Feb 9 2016,81
Football Manager 2016,Nov 12 2015,81
Freedom Planet,Jul 21 2014,81
Galactic Civilizations III,May 14 2015,81
Ghost Master,Dec 21 2006,81
Gothic,Mar 15 2001,81
Jade Empire: Special Edition,Feb 27 2007,81
Jamestown,Jun 8 2011,81
Kalimba,Apr 22 2015,81
Kentucky Route Zero,Feb 22 2013,81
King Arthur's Gold,Nov 5 2013,81
Kingdoms of Amalur: Reckoning™,Feb 7 2012,81
Kohan II: Kings of War,Aug 24 2011,81
Lone Survivor: The Director's Cut,Apr 23 2012,81
Marvel Heroes 2016,Jun 3 2013,81
Metro 2033,Mar 15 2010,81
Midnight Club II,Jan 4 2008,81
Mirror's Edge,Jan 14 2009,81
Nancy Drew: Curse of Blackmoor Manor ,Oct 10 2009,81
Nancy Drew: Danger on Deception Island ,Oct 10 2009,81
Nancy Drew: The Haunting of Castle Malloy,Jul 17 2009,81
Napoleon: Total War,Feb 23 2010,81
Nelly Cootalot: The Fowl Fleet,Mar 22 2016,81
Nidhogg,Jan 13 2014,81
Order of Battle: World War II,Apr 30 2015,81
Overcooked,Aug 3 2016,81
Overlord,Nov 12 2009,81
Painkiller: Black Edition,Jan 24 2007,81
Painkiller: Gold Edition,Jan 24 2007,81
PixelJunk Eden,Feb 2 2012,81
Quake 4,Aug 4 2011,81
Red Orchestra: Ostfront 41-45,Mar 14 2006,81
Rochard,Nov 15 2011,81
RollerCoaster Tycoon 3: Platinum!,Mar 12 2008,81
Shadowrun: Hong Kong - Extended Edition,Aug 20 2015,81
Sid Meier's Civilization: Beyond Earth,Oct 23 2014,81
Sleeping Dogs™, ,81
STAR WARS™ Jedi Knight: Jedi Academy™,Sep 16 2009,81
Stronghold 2,Oct 21 2013,81
Stronghold HD,Oct 21 2013,81
Stronghold Legends,Oct 21 2013,81
Sunless Sea,Feb 6 2015,81
Supreme Commander: Forged Alliance,Sep 28 2011,81
The Age of Decadence,Oct 14 2015,81
The Bug Butcher,Jan 19 2016,81
The Cat Lady,Dec 4 2013,81
To the Moon,Sep 7 2012,81
TrackMania² Canyon,Feb 27 2013,81
Vessel,Mar 1 2012,81
Vietnam ‘65,Mar 5 2015,81
VVVVVV,Sep 7 2010,81
Wargame: European Escalation,Feb 22 2012,81
Waveform,Mar 20 2012,81
Wizorb,Mar 14 2012,81
Wolfenstein: The New Order,May 19 2014,81
Zombie Night Terror,Jul 20 2016,81
1001 Spikes,Jun 3 2014,80
1979 Revolution: Black Friday,Apr 4 2016,80
Active Gaming advertising app,Apr 15 2013,80
Age of Wonders III,Mar 31 2014,80
AI War: Fleet Command,Oct 21 2009,80
Anomaly Warzone Earth,Apr 8 2011,80
ArcheAge,Mar 26 2015,80
Assassin's Creed Revelations,Nov 29 2011,80
Assassin's Creed® III,Nov 20 2012,80
Axiom Verge,May 14 2015,80
Bowl Bound College Football,Sep 3 2015,80
Brütal Legend,Feb 26 2013,80
Capsized,Apr 29 2011,80
Card Hunter,Jul 13 2015,80
Circa Infinity,Sep 8 2015,80
"Codename: Panzers, Phase Two",Feb 18 2016,80
Company of Heroes 2,Jun 25 2013,80
Company of Heroes 2 - The British Forces,Sep 2 2015,80
Company of Heroes 2 - The Western Front Armies _MARKETING PAGE,Jun 23 2014,80
DARK SOULS™ II: Scholar of the First Sin,Apr 1 2015,80
Day of Defeat: Source,Jul 12 2010,80
Deponia The Complete Journey daily adv app,Oct 17 2013,80
Deus Ex: Invisible War,Mar 29 2007,80
Disciples II: Rise of the Elves,Jul 6 2006,80
Driver San Francisco,Sep 27 2011,80
Dropsy,Sep 10 2015,80
Dungeon Siege 2,Aug 16 2005,80
Dyad,Apr 24 2013,80
Elite Dangerous,Apr 2 2015,80
F1 2012,Sep 17 2012,80
Fallen Enchantress: Legendary Heroes,May 22 2013,80
Far Cry 4,Nov-14,80
FATE,Dec 12 2013,80
FLY'N,Nov 9 2012,80
Full Spectrum Warrior,Jul 17 2007,80
"Gabriel Knight 3: Blood of the Sacred, Blood of the Damned",Aug 29 2016,80
Gish,Jul 20 2007,80
Goodbye Deponia,Oct 17 2013,80
Grandia II Anniversary Edition,Aug 24 2015,80
GRID 2,May 27 2013,80
Ground Control II,Jul 8 2015,80
Guacamelee! Super Turbo Championship Edition,Aug 21 2014,80
Hostile Waters: Antaeus Rising,Jan 30 2014,80
Icewind Dale: Enhanced Edition,Oct 30 2014,80
Intrusion 2,Sep 11 2012,80
La-Mulana,Apr 15 2013,80
Leap of Fate,Mar 30 2016,80
LEGO Batman: The Videogame,Sep 29 2008,80
LEGO Harry Potter: Years 5-7,Jan 5 2012,80
LEGO® The Lord of the Rings™,Nov 27 2012,80
Lovers in a Dangerous Spacetime,Sep 9 2015,80
LUFTRAUSERS,Mar 18 2014,80
Men of War,May 6 2009,80
METAL GEAR SOLID V: GROUND ZEROES,Dec 18 2014,80
Move or Die,Jan 21 2016,80
Mushroom Wars,Apr 7 2016,80
Myst V,Mar 16 2012,80
Nancy Drew: Secret of the Old Clock,Oct 10 2009,80
NARUTO SHIPPUDEN: Ultimate Ninja STORM 3 Full Burst,Oct 24 2013,80
Natural Selection 2,Oct 30 2012,80
Natural Selection 2,Oct 30 2012,80
Natural Selection 2 - Deluxe DLC,Oct 30 2012,80
Nimbus,Oct 25 2010,80
Noitu Love 2 Devolution,Apr 23 2012,80
Odallus: The Dark Call,Jul 15 2015,80
Osmos,Aug 18 2009,80
Outlast,Sep 4 2013,80
Oxenfree,Jan 14 2016,80
Panzer Corps,Mar 12 2014,80
Penarium,Sep 22 2015,80
Proteus,Jan 30 2013,80
PURE,Oct 6 2014,80
Railroad Tycoon 3,May 4 2007,80
Rampage Knights,Sep 4 2015,80
Read Only Memories,Oct 6 2015,80
Robin Hood,Aug 26 2011,80
RoboBlitz,Nov 7 2006,80
S.T.A.L.K.E.R.: Call of Pripyat,Feb 11 2010,80
Sam & Max 202: Moai Better Blues,May 16 2008,80
Samorost 3,Mar 24 2016,80
SpellForce 2: Gold Edition,Oct 29 2009,80
Stacking,Mar 6 2012,80
Stealth Bastard Deluxe,Nov 28 2012,80
Super Time Force Ultra,Aug 25 2014,80
Syberia 2,May 19 2011,80
The Banner Saga,Jan 14 2014,80
The Blackwell Legacy,Jan 13 2012,80
The Book of Unwritten Tales 2,Feb 19 2015,80
The Corporate Machine,Mar 25 2015,80
The Legend of Heroes: Trails in the Sky SC,Oct 29 2015,80
Titan Quest: Immortal Throne,Mar 5 2007,80
Toki Tori,Jan 28 2010,80
Tom Clancy's Ghost Recon,Jul 15 2008,80
Tom Clancy's Splinter Cell: Double Agent,Feb 13 2009,80
Tomb Raider: Underworld,Nov 21 2008,80
Total War: ATTILA,Feb 17 2015,80
TrackMania United,Apr 16 2008,80
Trials Fusion,Apr 24 2014,80
Trine,Jul 2 2009,80
Vampire: The Masquerade - Bloodlines,Mar 22 2007,80
Volume,Aug 18 2015,80
Wargame: AirLand Battle,May 29 2013,80
Altitude,Dec 4 2009,79
Anarcute,Jul 12 2016,79
Assassin's Creed,Apr 9 2008,79
Assault Android Cactus,Sep 23 2015,79
BADLAND: Game of the Year Edition,May 26 2015,79
Bloodline Champions,Oct 28 2011,79
Brothers in Arms: Hell's Highway,Oct 8 2008,79
Call of Juarez Gunslinger,May 22 2013,79
Chivalry: Medieval Warfare,Oct 16 2012,79
Crayon Physics Deluxe,May 6 2009,79
Day of Defeat,May 1 2003,79
Depths of Peril,Nov 23 2010,79
Don't Starve, ,79
Dungeon of the Endless,Oct 27 2014,79
Dungeons of Dredmor,Jul 13 2011,79
Dustforce,Jan 17 2012,79
Else Heart.Break(),Sep 24 2015,79
Euro Truck Simulator 2,Jan 16 2013,79
Europa Universalis: Rome - Gold Edition,Dec 18 2008,79
F.E.A.R. 2: Project Origin,Feb 12 2009,79
FlatOut: Ultimate Carnage,Aug 26 2008,79
Franchise Hockey Manager 2,Sep 28 2015,79
Frozen Cortex,Feb 19 2015,79
Goetia,Apr 14 2016,79
Gothic II: Gold Edition, ,79
Guild Wars: Eye of the North,Oct 8 2010,79
Half Minute Hero: The Second Coming,Apr 4 2014,79
Hitman: Absolution,Nov 19 2012,79
Homeworld: Deserts of Kharak,Jan 20 2016,79
Hue,Aug 30 2016,79
iRacing,Jan 12 2015,79
Jotun,Sep 29 2015,79
Kelvin and the Infamous Machine,Jul 21 2016,79
King's Bounty: The Legend,May 1 2009,79
Kohan: Ahriman's Gift,Aug 24 2011,79
Lego Harry Potter,Jun 29 2010,79
Madballs in...Babo: Invasion,Sep 17 2009,79
Memoria,Aug 29 2013,79
Nancy Drew: Legend of the Crystal Skull ,Jul 17 2009,79
Offspring Fling!,May 11 2012,79
Offworld Trading Company,Apr 28 2016,79
On Rusty Trails,Jun 13 2016,79
Overlord II,Jun 24 2009,79
PAYDAY 2,Aug 13 2013,79
Prototype,Jun 10 2009,79
Puzzle Dimension,Jun 21 2010,79
Race The Sun,Dec 9 2013,79
RAGE,Oct 3 2011,79
RAGE,Oct 3 2011,79
Rage,Oct 3 2011,79
Ragnarok,Oct 31 2013,79
Redout,Sep 2 2016,79
resident evil 4 / biohazard 4,Feb 27 2014,79
Revenge of the Titans,Mar 16 2011,79
Rome: Total War - Alexander,Aug 28 2007,79
Runaway: A Twist of Fate,Apr 21 2011,79
Sam & Max 203: Night of the Raving Dead,May 16 2008,79
Sang-Froid - Tales of Werewolves,Apr 5 2013,79
Shadowgrounds: Survivor,Nov 14 2007,79
Silent Hunter: Wolves of the Pacific,Jun 13 2008,79
Sonic & All-Stars Racing Transformed,Jan 31 2013,79
Space Empires IV Deluxe,Feb 7 2006,79
Split/Second,Oct 6 2014,79
STASIS,Aug 31 2015,79
State of Decay,Nov 5 2013,79
Street Fighter X Tekken,May 11 2012,79
Super House of Dead Ninjas,Feb 18 2013,79
Tales of Monkey Island: Chapter 1 - Launch of the Screaming Narwhal,Jul 7 2009,79
The Incredible Adventures of Van Helsing: Final Cut,Nov 6 2015,79
The Last Door - Collector's Edition,May 20 2014,79
The Magic Circle,Jul 9 2015,79
The Misadventures of P.B. Winterbottom,Apr 20 2010,79
The Path,Mar 18 2009,79
The Settlers 7: Paths to a Kingdom - Gold Edition,Mar 10 2011,79
Tropico 3 - Steam Special Edition,Oct 20 2009,79
VIDEOBALL,Jul 12 2016,79
Waking Mars,Dec 13 2012,79
Warhammer: End Times - Vermintide,Oct 23 2015,79
Weird Worlds: Return to Infinite Space,Mar 19 2013,79
Worms Reloaded,Aug 26 2010,79
Worms W.M.D,Aug 23 2016,79
Apotheon,Feb 3 2015,78
AR-K: The Great Escape,Jul 14 2015,78
Armed and Dangerous,Jul 8 2009,78
Avernum 2: Crystal Souls,Jan 14 2015,78
Awesomenauts,Aug 1 2012,78
Baldur's Gate II: Enhanced Edition,Nov 15 2013,78
Baldur's Gate: Enhanced Edition,Jan 16 2013,78
Battle Academy 2: Eastern Front,Sep 12 2014,78
Bejeweled Twist,Nov 18 2008,78
Call of Duty: Advanced Warfare,Nov 3 2014,78
Call of Duty: Advanced Warfare - Multiplayer,Nov 3 2014,78
Call of Juarez: Bound in Blood,Jul 2 2009,78
Chaos on Deponia,Nov 6 2012,78
Closure,Sep 7 2012,78
Condemned: Criminal Origins,Oct 29 2012,78
Crashlands,Jan 21 2016,78
Crazy Machines,Dec 12 2008,78
Crazy Machines 1.5,Dec 12 2008,78
Crazy Machines 1.5,Dec 12 2008,78
Crazy Machines 1.5,Dec 12 2008,78
Crazy Machines 1.5 Inventors Training Camp,Dec 12 2008,78
Crazy Machines 1.5 New from the Lab,Dec 12 2008,78
Cthulhu Saves the World ,Jul 13 2011,78
Dead Rising 2,Sep 27 2010,78
DeadCore,Oct 17 2014,78
Deadlight,Oct 25 2012,78
Deathsmiles,Mar 10 2016,78
DeathSpank: Thongs Of Virtue,Nov 30 2010,78
Desperados - Wanted Dead or Alive,Nov 20 2013,78
Devil May Cry 4,Dec 22 2009,78
Dungelot : Shattered Lands,Feb 18 2016,78
Earth 2150 Trilogy,Nov 1 2013,78
Etherlords II,Feb 13 2014,78
Fallen Enchantress,Oct 23 2012,78
Five Nights at Freddy's,Aug 19 2014,78
GALAK-Z,Oct 29 2015,78
GRID Autosport,Jun 26 2014,78
Hand of Fate,Feb 17 2015,78
Hover Junkers,Apr 5 2016,78
Human Resource Machine,Oct 15 2015,78
Joe Dever's Lone Wolf HD Remastered,Nov 27 2014,78
King's Bounty: Crossworlds,Sep 17 2010,78
LEGOⓇ Indiana Jones™: The Original Adventures,Jul 8 2009,78
LEGO® MARVEL Super Heroes,Oct 22 2013,78
LISA,Dec 15 2014,78
Medal of Honor: Airborne,Oct 6 2009,78
Mount & Blade: Warband,Mar 31 2010,78
Mushroom 11,Oct 15 2015,78
Nancy Drew: Ransom of the Seven Ships ,Jul 21 2009,78
NightSky,Mar 1 2011,78
Obduction,Aug 24 2016,78
Obliteracers,Feb 23 2016,78
OlliOlli,Jul 22 2014,78
Penumbra: Black Plague,Jan 23 2009,78
Praetorians,Apr 11 2014,78
Red Faction,Aug 5 2009,78
Rocksmith,Oct 16 2012,78
RUNNING WITH RIFLES,Apr 2 2015,78
Samurai Gunn,Dec 10 2013,78
So Many Me,Jul 17 2014,78
Soundodger+,Oct 11 2013,78
STAR WARS™ Battlefront™ II,Jul 8 2009,78
STAR WARS™ Republic Commando,Jul 8 2009,78
Stellaris,May 9 2016,78
Strider,Feb 19 2014,78
Stronghold Crusader HD,Oct 21 2013,78
Summoner,Mar 12 2014,78
Teleglitch: Die More Edition,Jul 24 2013,78
"That Dragon, Cancer",Jan 11 2016,78
The Count Lucanor,Mar 3 2016,78
The Journey Down: Chapter Two,Aug 25 2014,78
Tom Clancy's Rainbow Six: Vegas 2,Apr 16 2008,78
Transcripted, ,78
Tropico 4,Sep 1 2011,78
Wargame: Red Dragon,Apr 17 2014,78
Wings of Prey,Jan 8 2010,78
Zero Escape: Zero Time Dilemma,Jun 29 2016,78
Zuma's Revenge,Sep 15 2009,78
ACE COMBAT™ ASSAULT HORIZON Enhanced Edition,Jan 24 2013,77
Actual Sunlight,Apr 3 2014,77
Al Emmo and the Lost Dutchman's Mine,May 9 2014,77
Alien Swarm,Jul 19 2010,77
Anachronox,Oct 17 2013,77
Angry Video Game Nerd Adventures,Sep 20 2013,77
Anomaly 2,May 15 2013,77
Arma 2,Jun 29 2009,77
Arma 2,Jun 29 2009,77
Arma 2,Jun 29 2009,77
Arx Fatalis,Apr 3 2007,77
Aviary Attorney,Dec 21 2015,77
Battlefleet Gothic: Armada,Apr 21 2016,77
Child of Light,Apr 29 2014,77
Clustertruck,Sep 27 2016,77
Command and Conquer 3: Kane's Wrath,Nov 13 2009,77
DeathSpank,Oct 25 2010,77
DeathSpank,Oct 25 2010,77
Deathspank Pre-order,Oct 25 2010,77
Deathtrap,Feb 4 2015,77
Delta Force: Black Hawk Down,Jun 18 2009,77
Echoes Of Aetheria,Jan 15 2016,77
Eldritch,Oct 21 2013,77
Element4l,May 24 2013,77
Endless Space,Jul 4 2012,77
Etherlords,Feb 13 2014,77
Everyday Shooter,May 8 2008,77
Evolve Stage 2,Feb 10 2015,77
Expeditions: Conquistador,May 30 2013,77
F1 2013,Oct 3 2013,77
Giana Sisters: Twisted Dreams,Oct 22 2012,77
Grey Goo,Jan 23 2015,77
Hamilton's Great Adventure,May 31 2011,77
Hearts of Iron III,Aug 7 2009,77
Heroes of Might & Magic V,May 13 2008,77
Interloper,May 21 2015,77
Kathy Rain,May 5 2016,77
Knights of Honor,Feb 4 2009,77
Legacy of Kain: Soul Reaver 2,Dec 6 2012,77
LEGO® Star Wars™: The Complete Saga,Nov 12 2009,77
Lords of the Realm II,Dec 3 2015,77
Lost Horizon,Sep 24 2010,77
Mafia II,Mar 22 2011,77
Magic: The Gathering - Duels of the Planeswalkers 2013,Jun 20 2012,77
Magic: The Gathering — Duels of the Planeswalkers 2012,Jun 15 2011,77
Magical Eyes - Red is for Anguish,Mar 30 2016,77
Massive Assault,Nov 4 2009,77
Men of War: Assault Squad,Feb 24 2011,77
Men of War: Red Tide,Nov 1 2009,77
Might & Magic: Heroes VI,Oct 13 2011,77
Mini Metro,Nov 6 2015,77
MoonBase Commander,Feb 6 2014,77
Nancy Drew Dossier: Resorting to Danger!,Nov 19 2009,77
Nancy Drew: Last Train to Blue Moon Canyon,Oct 10 2009,77
NEO Scavenger,Dec 15 2014,77
Nexus: The Jupiter Incident,Jul 3 2007,77
Perimeter,Apr 3 2014,77
Pix the Cat,Jan 29 2015,77
Quantum Conundrum,Jun 21 2012,77
Reigns,Aug 11 2016,77
Resident Evil Revelations / Biohazard Revelations,May 20 2013,77
Rise of Flight United,Sep 5 2013,77
Risen,Oct 2 2009,77
RISK Factions,Mar 8 2011,77
Risk of Rain,Nov 8 2013,77
rymdkapsel,Jan 30 2014,77
Salammbo: Battle for Carthage,May 30 2014,77
Sanctum 2,May 15 2013,77
Section 8: Prejudice,May 4 2011,77
Sherlock Holmes: Crimes and Punishments,Sep 29 2014,77
Sid Meier's Railroads!,May 4 2007,77
Sine Mora,Nov 9 2012,77
Soldiers: Heroes of World War II,Jul 3 2014,77
Sonic Generations,Nov 3 2011,77
Space Run Galaxy,Jun 17 2016,77
Supreme Commander 2,Mar 1 2010,77
Tales of Zestiria,Oct 19 2015,77
TERA,May 5 2015,77
Teslagrad,Dec 13 2013,77
The Darkness II,Feb 6 2012,77
The Detail,Oct 28 2014,77
The Dream Machine,May 11 2012,77
The Incredible Adventures of Van Helsing II,Jun 13 2014,77
The Turing Test,Aug 30 2016,77
Thomas Was Alone,Nov 12 2012,77
Three Fourths Home: Extended Edition,Mar 20 2015,77
Titan Quest,Jun 26 2007,77
Watch_Dogs,May 26 2014,77
Xenonauts,Jun 16 2014,77
Zeno Clash,Apr 21 2009,77
American Conquest,Aug 26 2011,76
American Truck Simulator,Feb 2 2016,76
Audiosurf 2,May 26 2015,76
Avernum: Escape From the Pit,Apr 11 2012,76
Battlestations: Midway,Mar 15 2007,76
Blood Bowl 2,Sep 22 2015,76
Bone: The Great Cow Race,Jun 17 2008,76
Breakneck,Feb 1 2016,76
Call of Cthulhu: Dark Corners of the Earth,Jun 16 2009,76
Castle In The Darkness,Feb 5 2015,76
Chariot,Nov 12 2014,76
Chronicle: RuneScape Legends,May 26 2016,76
Concrete Jungle,Sep 23 2015,76
DEADBOLT,Mar 14 2016,76
Demigod,Dec 14 2011,76
Deponia Doomsday,Mar 1 2016,76
Din's Curse,Aug 22 2012,76
DISTRAINT,Oct 21 2015,76
Escape Goat 2,Mar 24 2014,76
Everybody's Gone to the Rapture,Apr 14 2016,76
Fester Mudd: Curse of the Gold - Episode 1,Nov 4 2013,76
Fight The Dragon,Dec 4 2014,76
FlatOut 2,Dec 21 2006,76
From Dust,Aug 17 2011,76
Galacide,Jul 28 2015,76
Geometry Wars: Retro Evolved,Jun 18 2007,76
GoD Factory: Wingmen,Aug 29 2014,76
Greed Corp,Dec 10 2010,76
GUN,Oct 13 2006,76
Gunpowder,Jul 8 2015,76
Haunted,Aug 18 2014,76
Headlander,Jul 25 2016,76
Insanely Twisted Shadow Planet,Apr 17 2012,76
JumpJet Rex,Apr 21 2015,76
Kairo,Apr 24 2013,76
LEGO® Star Wars™ III: The Clone Wars™,Mar 22 2011,76
Livelock,Aug 30 2016,76
Luckslinger,Jul 16 2015,76
Lumo,May 24 2016,76
McPixel,Sep 25 2012,76
Mercenary Kings,Mar 25 2014,76
Metro: Last Light Redux,Aug 25 2014,76
Miasmata,Nov 28 2012,76
Might & Magic: Clash of Heroes,Sep 22 2011,76
Mortal Kombat X,Apr 13 2015,76
MotoGP™14,Jun 20 2014,76
Multiwinia,Sep 19 2008,76
Nancy Drew: Warnings at Waverly Academy,Jan 13 2010,76
Operation Flashpoint: Dragon Rising,Oct 6 2009,76
Overture,Feb 2 2015,76
Pathologic Classic HD,Oct 29 2015,76
PAYDAY: The Heist,Oct 20 2011,76
Peggle Nights,Oct 15 2008,76
Plain Sight,Apr 5 2010,76
Polaris Sector,Mar 22 2016,76
Pro Evolution Soccer 2016,Sep 16 2015,76
Project: Snowblind,Mar 29 2007,76
PROTOTYPE 2,Jul 24 2012,76
Renegade Ops,Oct 26 2011,76
Resonance,Jul 25 2012,76
Rising Storm/Red Orchestra 2 Multiplayer,Sep 13 2011,76
Road to Ballhalla,Aug 5 2016,76
Rush for Berlin: Gold Edition,Oct 29 2009,76
Seasons after Fall,Sep 2 2016,76
Second Edition Full Game,Apr 28 2010,76
Sengoku Jidai: Shadow of the Shogun,May 19 2016,76
Shadowrun Returns,Jul 25 2013,76
ShootMania Storm,Apr 10 2013,76
Singularity,Jun 30 2010,76
Sniper Elite,Jul 16 2009,76
Song of the Deep,Jul 11 2016,76
Spec Ops: The Line,Jun 25 2012,76
Star Trek Online,Jan 31 2012,76
SteamWorld Dig,Dec 5 2013,76
Super Monday Night Combat,Apr 19 2012,76
Syder Arcade,Oct 24 2013,76
The Aquatic Adventure of the Last Human,Jan 19 2016,76
The Fall,May 30 2014,76
The Final Station,Aug 30 2016,76
The Ship,Jul 11 2006,76
Total War: ROME II - Emperor Edition,Sep 2 2013,76
Tower of Guns,Mar 4 2014,76
Turba,Jul-10,76
Two Worlds II,Feb 3 2011,76
Vindictus,Jun 22 2012,76
Volgarr the Viking,Sep 13 2013,76
WAKFU,Sep 18 2014,76
Who's That Flying?!,Jan 31 2011,76
Wolfenstein: The Old Blood ,May 4 2015,76
Ys Origin,May 31 2012,76
Ziggurat,Oct 23 2014,76
A Vampyre Story,Jul 15 2014,75
Alice: Madness Returns, ,75
And Yet It Moves,Apr 2 2009,75
Anna - Extended Edition,Apr 12 2013,75
Anodyne,Mar 22 2013,75
Armello,Sep 1 2015,75
Atom Zombie Smasher ,Mar 14 2011,75
Avadon: The Black Fortress,Aug 17 2011,75
Battlezone 98 Redux,Apr 18 2016,75
Beatbuddy: Tale of the Guardians,Aug 6 2013,75
Black Mirror III,Apr 3 2014,75
Blacklight: Retribution,Jul 2 2012,75
Blitzkrieg 2 Anthology,Sep 16 2014,75
Borderlands: The Pre-Sequel,Oct 13 2014,75
Children of the Nile,Jul 8 2008,75
Chroma Squad,Apr 30 2015,75
Cubetractor, ,75
Dark Fall: Lost Souls,Apr 21 2010,75
Dear Esther,Feb 14 2012,75
Downfall,Feb 15 2016,75
Drakensang,Mar 9 2009,75
Drawn: Dark Flight,Jan 19 2016,75
Dreamfall: The Longest Journey,Jan 12 2007,75
Edna & Harvey: Harvey's New Eyes,Oct 16 2012,75
Epistory - Typing Chronicles,Mar 30 2016,75
Eschalon: Book 1,Feb 10 2009,75
Evil Genius,Jun 22 2009,75
Extreme Exorcism,Sep 23 2015,75
Fenix Rage,Sep 24 2014,75
FRACT OSC,Apr 22 2014,75
Furi,Jul 5 2016,75
Gravity Ghost,Jan 26 2015,75
Grow Home,Feb 4 2015,75
Half Minute Hero: Super Mega Neo Climax Ultimate Boy,Sep 27 2012,75
Hector: Ep 3,Apr 27 2011,75
Hero Academy,Aug 10 2012,75
Infested Planet,Mar 6 2014,75
Iron Brigade,Aug 13 2012,75
Ironcast,Mar 26 2015,75
Jazzpunk,Feb 7 2014,75
Just Cause,Mar 15 2007,75
Manhunt,Jan 4 2008,75
MIND Path to Thalamus E.Edition,Aug 5 2014,75
Nihilumbra,Oct 25 2013,75
NOT A HERO,May 14 2015,75
Patrician III,Nov 18 2010,75
Poker Night 2,Apr 26 2013,75
Port Royale 2,Jun 16 2009,75
Prince of Persia: The Forgotten Sands,Jun 8 2010,75
Ravenmark: Scourge of Estellion,Sep 10 2015,75
Rebuild 3: Gangs of Deadsville,May 29 2015,75
Red Faction: Armageddon,Jun 6 2011,75
Reus,May 16 2013,75
Ring Runner: Flight of the Sages,Nov 19 2013,75
Road Not Taken,Aug 5 2014,75
Roundabout,Sep 18 2014,75
S.T.A.L.K.E.R.: Clear Sky,Sep 15 2008,75
Satellite Reign,Aug 27 2015,75
Scribblenauts Unlimited,Nov 19 2012,75
Shardlight,Mar 8 2016,75
SiN,May 10 2006,75
SiN Episodes: Emergence,May 10 2006,75
SiN Episodes: Emergence,May 10 2006,75
SiN Episodes: Emergence,May 10 2006,75
SiN Multiplayer,May 10 2006,75
Slain: Back from Hell,Mar 24 2016,75
Sol Survivor,Mar 15 2010,75
Sorcerer King,Jul 16 2015,75
Star Conflict,Feb 27 2013,75
Still Life,Jun 1 2011,75
Stronghold Kingdoms,Feb 27 2012,75
Sword of the Stars,Jun 4 2010,75
Sword of the Stars Complete Collection,Jun 4 2010,75
Symphony,Aug 6 2012,75
The Dark Eye: Chains of Satinav,Jun 22 2012,75
The Maw,Mar 9 2009,75
The Next BIG Thing,Apr 21 2011,75
The Night of the Rabbit,May 28 2013,75
The Samaritan Paradox,Apr 18 2014,75
Tidalis,Jul 16 2010,75
Tiny and Big: Grandpa's Leftovers,Jun 19 2012,75
Tobe's Vertical Adventure,Jul 18 2011,75
Transformers: War for Cybertron,Jun 22 2010,75
Tropico 5,May 23 2014,75
Unreal II: The Awakening,Mar 17 2008,75
Uplink,Aug 23 2006,75
Victor Vran,Jul 24 2015,75
Victoria II,Aug 30 2010,75
12 is Better Than 6,Nov 20 2015,74
A Pixel Story,Mar 30 2015,74
Act of War: High Treason,Mar 12 2008,74
Action Henk,May 11 2015,74
AirBuccaneers, ,74
Anna's Quest,Jul 2 2015,74
Arma 3,Sep 12 2013,74
Arma: Combat Operations,Mar 12 2008,74
Assassin's Creed Rogue,Mar 9 2015,74
Assassin's Creed Syndicate,Nov 18 2015,74
Back to the Future: Ep 1 - It's About Time,Dec 23 2010,74
Bad Mojo Redux,Jul 3 2014,74
Batman™: Arkham Origins,Oct 24 2013,74
Battlestations: Pacific,May 13 2009,74
BIT.TRIP FATE,Jul 11 2013,74
Blackguards 2,Jan 20 2015,74
Caesar 4,Aug 29 2016,74
Call of Duty: Black Ops II,Nov 12 2012,74
Call of Duty: Black Ops II - Multiplayer,Nov 12 2012,74
Ceres,Oct 16 2015,74
Cloud Chamber,Aug 7 2014,74
Comanche 4,Jun 18 2009,74
Cossacks: Art of War,Aug 26 2011,74
Cossacks: European Wars,Aug 26 2011,74
Crookz - The Big Heist,Aug 25 2015,74
Cubemen,Mar 16 2012,74
Delta Force: Land Warrior,Jun 18 2009,74
Deponia,Aug 6 2012,74
Disgaea PC,Feb 24 2016,74
Drox Operative,Feb 18 2014,74
Eador. Masters of the Broken World,Apr 19 2013,74
EDGE,Aug 11 2011,74
F.E.A.R. 3,Jun 21 2011,74
Far Cry Primal,Feb 29 2016,74
Fortix 2,May 6 2011,74
Gabriel Knight - Sins of the Fathers,Oct 15 2014,74
Ghostbusters: The Video Game,Jun 16 2009,74
"Gremlins, Inc.",Mar 10 2016,74
"Guns, Gore & Cannoli",Apr 30 2015,74
Heaven's Hope,Feb 25 2016,74
IL-2 Sturmovik: Battle of Stalingrad,Oct 22 2014,74
Incredipede,Mar 18 2013,74
Insurgency,Jan 22 2014,74
Just Cause 3,Nov 30 2015,74
King's Bounty: Warriors of the North,Oct 25 2012,74
Lumines,Apr 18 2008,74
Magicka,Jan 25 2011,74
Master of Orion,Aug 25 2016,74
Mini Ninjas,Sep 8 2009,74
Mordheim: City of the Damned,Nov 19 2015,74
Nemesis of the Roman Empire,Jan 28 2016,74
Neon Chrome,Apr 28 2016,74
Neverwinter,Dec 5 2013,74
Niko: Through The Dream,Jul 17 2015,74
Our Darker Purpose,Jan 29 2014,74
Particulars,Nov 19 2014,74
Project Highrise,Sep 8 2016,74
RIVE,Sep 13 2016,74
Rock of Ages,Sep 7 2011,74
Rocketbirds: Hardboiled Chicken,Oct 15 2012,74
RollerCoaster Tycoon 2: Triple Thrill Pack,May 21 2014,74
Runaway: A Road Adventure,Mar 14 2007,74
Sacred Gold,Jul 9 2008,74
Serious Sam 2,Jan 31 2012,74
Shadowgrounds,May 8 2006,74
Shadows: Heretic Kingdoms,Nov 20 2014,74
Snapshot,Aug 30 2012,74
Sora,Jan 5 2016,74
Space Colony,Apr 30 2015,74
Space Pirates and Zombies,Aug 15 2011,74
SpellForce: Platinum Edition,Nov 3 2009,74
Stellar Impact,Apr 12 2012,74
Stories: The Path of Destinies,Apr 12 2016,74
Street Fighter V,Feb 15 2016,74
The Bridge,Feb 22 2013,74
The Raven - Legacy of a Master Thief,Jul 23 2013,74
The Real Texas,Jul 12 2016,74
The Red Solstice,Jul 9 2015,74
The Secret World,Aug 8 2012,74
They Bleed Pixels,Aug 29 2012,74
Titan Souls,Apr 14 2015,74
TRI: Of Friendship and Madness,Oct 9 2014,74
Unmechanical,Aug 8 2012,74
"Warhammer 40,000 Space Marine",Sep 5 2011,74
"Warhammer 40,000: Deathwatch - Enhanced Edition",Oct 16 2015,74
Where is my Heart?,May 29 2014,74
WWE 2K16,Mar 10 2016,74
Zombie Vikings,Dec 7 2015,74
A Story About My Uncle,May 28 2014,73
Alan Wake's American Nightmare,May 22 2012,73
Always Sometimes Monsters,May 21 2014,73
Arma 2: Operation Arrowhead,Jun 29 2010,73
Beyond Divinity,Oct 29 2012,73
Blackwell Deception,Jan 13 2012,73
Blood Bowl: Legendary Edition,Oct 28 2010,73
Bloody Good Time,Oct 29 2010,73
Blues and Bullets,Jul 22 2015,73
Bob Came in Pieces,Jan 22 2010,73
Broken Age,Jan 28 2014,73
Cars,Feb 24 2015,73
CastleStorm,Jul 29 2013,73
Ceville,Feb 27 2009,73
Cogs,Apr 14 2009,73
Cossacks II: Napoleonic Wars,Aug 26 2011,73
Crusader Kings Complete,Feb 14 2012,73
Death to Spies: Moment of Truth,Aug 7 2009,73
Divekick,Aug 20 2013,73
Driftmoon,Jan 3 2014,73
Dungeon Hearts,Mar 28 2013,73
Eagle Flight,December 20th 2016,73
Earth 2160,Apr 1 2006,73
Fieldrunners 2,Jan 10 2013,73
Fist Puncher,Jun 21 2013,73
Frontlines: Fuel of War,Feb 29 2008,73
Gas Guzzlers Extreme,Oct 8 2013,73
Guncraft,Aug 9 2013,73
Hack 'n' Slash,Sep 9 2014,73
Hard Reset,Jul 12 2012,73
Hard Reset Redux,Jun 3 2016,73
Hard West,Nov 18 2015,73
HAWKEN,Feb 14 2014,73
Hitman: Codename 47,Mar 15 2007,73
King's Bounty: Dark Side,Aug 19 2014,73
Lara Croft and the Temple of Osiris,Dec 8 2014,73
Lemma,May 12 2015,73
Letter Quest: Grimm's Journey,Nov 20 2014,73
Life Goes On,Apr 17 2014,73
Lords Of The Fallen,Oct 28 2014,73
MacGuffin's Curse,Apr 19 2012,73
Mad Max,Sep 1 2015,73
MASSIVE CHALICE,Jun 1 2015,73
MDK 2 HD,Jul 30 2012,73
MirrorMoon EP,Sep 4 2013,73
Nancy Drew: The White Wolf of Icicle Creek,Jul 17 2009,73
Oceanhorn: Monster of Uncharted Seas,Mar 17 2015,73
Paper Sorcerer,Jan 22 2014,73
Penumbra: Overture,Mar 6 2009,73
Pier Solar and the Great Architects,Sep 29 2014,73
PixelJunk™ Shooter,Nov 11 2013,73
Poly Bridge,Jul 12 2016,73
Punch Club,Jan 8 2016,73
RUSH,Dec 3 2010,73
Shadow Warrior,Sep 26 2013,73
Shadow Warrior (Classic),May 5 2014,73
Shadow Warrior: Serious Sam 3 Sledgehammer DLC,Sep 26 2013,73
Sherlock Holmes versus Jack the Ripper,Dec 23 2009,73
SkyDrift,Nov 21 2011,73
Space Run,Jun 13 2014,73
Strike Vector,Jan 28 2014,73
Super Splatters,Jun 26 2013,73
The Book of Unwritten Tales: The Critter Chronicles,Dec 5 2012,73
The Deadly Tower of Monsters,Jan 19 2016,73
The Flame in the Flood,Feb 24 2016,73
The Minims,Apr 1 2016,73
The Room,Jul 28 2014,73
The Testament of Sherlock Holmes,Sep 25 2012,73
Thea: The Awakening,Nov 20 2015,73
Toy Story 3,Oct 6 2014,73
Unstoppable Gorg,Jan 19 2012,73
War of the Roses,Feb 6 2013,73
Warlock 2: the Exiled,Apr 10 2014,73
Warlords Battlecry III,Jan 22 2016,73
Warrior Kings,Apr 24 2014,73
Worms Blast,Oct 19 2011,73
Worms Clan Wars,Aug 15 2013,73
Worms Revolution,Oct 10 2012,73
X3: Terran Conflict,Oct 16 2008,73
Ys: The Oath in Felghana,Mar 19 2012,73
10 Second Ninja,Mar 5 2014,72
A New Beginning - Final Cut,Dec 11 2012,72
Aarklash: Legacy,Sep 12 2013,72
Adventures of Pip,Jun 4 2015,72
Alpha Protocol,Jun 1 2010,72
Alpha Protocol,Jun 1 2010,72
Alpha Protocol,Jun 1 2010,72
Amnesia: A Machine for Pigs,Sep 10 2013,72
Anno 2205,Nov 2 2015,72
Big Pharma,Aug 27 2015,72
Blade Symphony,May 7 2014,72
Blazing Angels 2: Secret Missions of WWII,May 13 2008,72
Block N Load,Apr 30 2015,72
Blocks That Matter,Aug 19 2011,72
Blood II: The Chosen + Expansion,Jul 14 2014,72
Bully: Scholarship Edition,Oct 21 2008,72
Burn Zombie Burn,Aug 12 2010,72
Call of Juarez,Nov 8 2007,72
Champions Online,Jun 14 2011,72
Cities in Motion 2,Apr 2 2013,72
Cloudbuilt,Mar 20 2014,72
Commandos 3: Destination Berlin,Mar 15 2007,72
Convoy,Apr 21 2015,72
Crazy Machines 2,Jun 20 2008,72
Dark Messiah of Might & Magic Multi-Player,Oct 25 2006,72
Dark Messiah of Might & Magic Single Player,Oct 25 2006,72
Dark Messiah of Might & Magic Single Player,Oct 25 2006,72
DC Universe Online,Nov 2 2011,72
Demetrios - The BIG Cynical Adventure,May 31 2016,72
DiRT Showdown,May 23 2012,72
Dofus,Nov 15 2016,72
Dreamfall Chapters,Oct 21 2014,72
Dungeon Siege III,Jun 20 2011,72
DUNGEONS - The Dark Lord (Steam Special Edition),Sep 27 2011,72
FlatOut,Feb 2 2007,72
Flotilla,Apr-10,72
FORCED,Oct 24 2013,72
Full Bore,May 6 2014,72
Gateways,Sep 13 2012,72
Grand Ages: Rome,Mar 20 2009,72
Gratuitous Space Battles,Nov 16 2009,72
Gray Matter,Apr 1 2014,72
Guild of Dungeoneering,Jul 14 2015,72
Hammerwatch,Aug 12 2013,72
Heavy Bullets,Sep 18 2014,72
Hitman GO: Definitive Edition,Feb 23 2016,72
Homesick,May 28 2015,72
Hyperdimension Neptunia Re;Birth1,Jan 29 2015,72
Impossible Creatures,Nov 11 2015,72
Killing Floor,May 14 2009,72
Layers of Fear,Feb 15 2016,72
LEGO® Jurassic World,Jun 11 2015,72
Loadout,Jan 31 2014,72
LOST ORBIT,May 12 2015,72
LOUD on Planet X,Apr 19 2016,72
Majesty 2,Sep 17 2009,72
Massive Assault Network 2,Nov 4 2009,72
Medal of Honor(TM) Multiplayer,Oct 12 2010,72
Medal of Honor(TM) Single Player,Oct 12 2010,72
Mother Russia Bleeds,Sep 5 2016,72
Mount & Blade,Nov 3 2008,72
MouseCraft,Jul 8 2014,72
Ninja Senki DX,Feb 23 2016,72
Okhlos,Aug 18 2016,72
Perimeter: Emperor's Testament,May 22 2014,72
PixelJunk™ Monsters Ultimate,Aug 26 2013,72
Primordia,Dec 5 2012,72
Puzzle Quest: Galactrix,Feb 24 2009,72
Qbeh-1: The Atlas Cube,May 15 2014,72
Qvadriga,Jun 13 2014,72
Race Injection,Nov 18 2011,72
Ridge Racer™ Unbounded,Mar 29 2012,72
Roogoo,Dec 17 2009,72
Saints Row 2,Jan 7 2009,72
Septerra Core,Sep 27 2013,72
Serious Sam 3: BFE,Nov 22 2011,72
Shank 2,Feb 7 2012,72
Sherlock Holmes: The Awakened - Remastered,Aug 6 2009,72
Skulls of the Shogun,Jul 29 2013,72
Solar 2,Jun 17 2011,72
Space Hulk Ascension,Nov 12 2014,72
Test Drive Unlimited 2,Feb-11,72
Tetrobot and Co.,Oct 15 2013,72
The Incredible Adventures of Van Helsing,May 22 2013,72
The Inner World,Sep 27 2013,72
The Journey Down: Chapter One,Jan 9 2013,72
The Last Federation,Apr 18 2014,72
The Last Tinker: City of Colors,May 12 2014,72
The Sum of All Fears,Oct 10 2008,72
Tormentum - Dark Sorrow,Mar 4 2015,72
Underrail,Dec 18 2015,72
Valentino Rossi The Game,Jun 16 2016,72
"Warhammer 40,000: Regicide",Sep 8 2015,72
Way of the Samurai 4,Jul 23 2015,72
X2: The Threat,Jul 21 2006,72
Zeit²,Jan 12 2011,72
Zombie Army Trilogy,Mar 6 2015,72
Act of Aggression,Sep 2 2015,71
Battle Worlds: Kronos,Nov 4 2013,71
Bionic Dues,Oct 8 2013,71
Black Mirror II,Apr 2 2014,71
Blacksea Odyssey,Jun 1 2016,71
Cibele,Nov 2 2015,71
Corpse Party,Apr 25 2016,71
DarkStar One,Feb 13 2008,71
Dead by Daylight,Jun 14 2016,71
DYNASTY WARRIORS 8: Xtreme Legends Complete Edition,May 13 2014,71
Dyscourse,Mar 25 2015,71
Elven Legacy,Apr 7 2009,71
Emerald City Confidential,Aug 12 2009,71
Enclave,Oct 4 2013,71
Europa Universalis III: Divine Wind,Jan 21 2011,71
Fallen Earth,Feb 22 2012,71
FOTONICA,Nov 6 2014,71
Grow Up,Aug 16 2016,71
Gyromancer,Nov 18 2009,71
Half-Life: Blue Shift,Jun 1 2001,71
J.U.L.I.A.: Among the Stars,Sep 12 2014,71
Jolly Rover,Jun 7 2010,71
Legends of Eisenwald,Jul 2 2015,71
Lilly Looking Through,Nov 1 2013,71
Lords of Xulima,Nov 14 2014,71
March of the Eagles,Feb 18 2013,71
Men of Valor,Feb 9 2016,71
MX vs. ATV Unleashed,Apr 16 2015,71
Nuclear Dawn,Sep 26 2011,71
Poker Night at the Inventory,Nov 22 2010,71
Post Mortem,Aug 26 2011,71
Screencheat,Oct 21 2014,71
Sherlock Holmes: Nemesis,Aug 7 2008,71
Sideway,Nov 15 2011,71
STAR WARS™ Starfighter™,Jul 8 2009,71
Surgeon Simulator,Apr 19 2013,71
The Crew,Dec 1 2014,71
The Escapists,Feb 13 2015,71
The Fall of the Dungeon Guardians,Nov 6 2015,71
The Kings' Crusade,Oct 8 2010,71
The Lost Crown,Jun 6 2014,71
The Order of the Thorne - The King's Challenge,Jan 26 2016,71
TimeShift,Jul 23 2009,71
To End All Wars,Aug 29 2014,71
Tom Clancy's Ghost Recon Future Soldier,Jun 26 2012,71
Toy Soldiers,Apr 27 2012,71
UFO: Afterlight,Jan 6 2014,71
Warlock - Master of the Arcane,May 8 2012,71
World War III: Black Gold,Sep 27 2013,71
X3: Reunion,Jul 21 2006,71
YOU DON'T KNOW JACK,Feb 8 2011,71
You Must Build A Boat,Jun 4 2015,71
A Druid's Duel,Feb 25 2015,70
Advent Rising,Sep 14 2006,70
America's Army 3,Jun 17 2009,70
Anomaly Defenders,May 29 2014,70
Beat Hazard,Apr 15 2010,70
Before the Echo,Oct 20 2011,70
Bravada,Aug 22 2014,70
Brigador,Jun 2 2016,70
BRINK,May 9 2011,70
BRINK,May 9 2011,70
BRINK,May 9 2011,70
BRINK Doom Pack DLC,May 9 2011,70
BRINK Spec Ops DLC,May 9 2011,70
CALENDULA,Feb 2 2016,70
Cities in Motion,Feb 22 2011,70
Company of Heroes: Tales of Valor,Apr 8 2009,70
Crowntakers,Nov 7 2014,70
Dead State,Dec 4 2014,70
Dead Synchronicity: Tomorrow Comes Today,Apr 10 2015,70
Democracy 3,Oct 14 2013,70
Dracula: Origin,Aug 7 2008,70
Dungeons 2,Apr 24 2015,70
Echelon,Jul 3 2014,70
ENSLAVED™: Odyssey to the West™ Premium Edition,Oct 24 2013,70
Evochron Mercenary,Jan 16 2012,70
Fate of the World,Feb 28 2011,70
Fran Bow,Aug 27 2015,70
Full Spectrum Warrior: Ten Hammers,Jul 17 2007,70
Halo: Spartan Assault,Apr 4 2014,70
Harold,Feb 12 2015,70
Heroes of Might & Magic V: Tribes of the East,Oct 10 2008,70
Homefront,Mar 14 2011,70
Human: Fall Flat,Jul 22 2016,70
Ionball 2 : Ionstorm,Jun 6 2014,70
Lakeview Cabin Collection,Apr 9 2015,70
Lead and Gold - Gangs of the Wild West,Apr 8 2010,70
Legacy of Kain: Defiance,Dec 6 2012,70
Lost Planet: Extreme Condition - Colonies Edition,Feb 11 2010,70
Lumino City,Dec 2 2014,70
Making History: The Calm & The Storm,Mar 13 2007,70
Might & Magic X - Legacy ,Jan 23 2014,70
Nancy Drew: Danger By Design,Oct 10 2009,70
Near Death,Aug 2 2016,70
NOBUNAGA'S AMBITION: Sphere of Influence,Sep 1 2015,70
Nosferatu: The Wrath of Malachi,Mar 6 2014,70
Nostradamus: The Last Prophecy,Apr 24 2014,70
Overclocked: A History of Violence,Apr 3 2015,70
Papo & Yo,Apr 18 2013,70
Planetbase,Oct 15 2015,70
Poltergeist: A Pixelated Horror,Oct 20 2014,70
Pride of Nations,Jun 7 2011,70
Puzzle Agent,Jul-10,70
Retrovirus,Jan 31 2013,70
Richard & Alice,Jun 5 2014,70
RONIN,Jun 30 2015,70
Sanctum,Apr 15 2011,70
Sengoku,Sep 15 2011,70
SENRAN KAGURA SHINOVI VERSUS,Jun 1 2016,70
Shadow Blade: Reload,Aug 10 2015,70
Shiftlings,Mar 3 2015,70
Soulbringer,Mar 13 2014,70
Splice,Jun 13 2012,70
Spore: Galactic Adventures,Jun 23 2009,70
StarDrive 2,Apr 9 2015,70
Starpoint Gemini 2,Sep 26 2014,70
Steel Armor: Blaze of War,Mar 5 2015,70
Sublevel Zero,Oct 8 2015,70
Take On Helicopters,Oct 27 2011,70
The Bard's Tale,Dec 11 2009,70
The Collider 2,Apr 19 2016,70
The Golf Club,Aug 19 2014,70
The Moment of Silence,Mar 27 2015,70
The Swindle,Jul 28 2015,70
Thief,Feb 27 2014,70
Thrillville: Off the Rails,Jul 8 2009,70
Tom Clancy's Ghost Recon Phantoms - NA,Apr 10 2014,70
Verdun,Apr 28 2015,70
Vertex Dispenser,Jun 10 2011,70
Vertical Drop Heroes HD,Jul 25 2014,70
Wailing Heights,Apr 27 2016,70
WWE 2K15,Apr 28 2015,70
Abyss Odyssey,Jul 15 2014,69
Ashes of the Singularity,Mar 31 2016,69
Aurion: Legacy of the Kori-Odan,Apr 14 2016,69
Basketball Pro Management 2015,Nov 19 2014,69
Battleborn,May 2 2016,69
Bionic Commando,Jul 28 2009,69
Bloodsports.TV,Mar 30 2015,69
Check vs. Mate,Aug 16 2012,69
Clandestine,Nov 5 2015,69
Cobalt,Feb 2 2016,69
Cossacks II: Battle for Europe,Aug 26 2011,69
Death to Spies,Mar 12 2008,69
Earth Defense Force: Insect Armageddon,Dec 14 2011,69
Eurofighter Typhoon,May 2 2014,69
EVE: Valkyrie,Nov 17 2016,69
Excubitor,May 26 2016,69
FINAL FANTASY TYPE-0 HD,Aug 18 2015,69
Forsaken World ,Jun 14 2011,69
Foul Play,Sep 18 2013,69
Fragments of Him,May 3 2016,69
Freaking Meatbags,Feb 4 2015,69
Glare,Oct 10 2013,69
Good Robot,Apr 5 2016,69
Gratuitous Tank Battles,May 17 2012,69
Gumboy Crazy Features,Dec 19 2006,69
Gumboy: Crazy Adventures,Dec 19 2006,69
Gumboy: Crazy Adventures,Dec 19 2006,69
Holy Potatoes! A Weapon Shop?!,Jul 13 2015,69
Home,Aug 31 2012,69
Imperial Glory,Apr 11 2014,69
Iron Storm,May 8 2014,69
Ironclad Tactics,Sep 18 2013,69
Jack Keane,Jun 27 2008,69
Kaptain Brawe,Jan 20 2011,69
Lichdom: Battlemage,Aug 26 2014,69
Lume,May 9 2011,69
Lumini,Sep 3 2015,69
Magic: The Gathering - Duels of the Planeswalkers Teeth of the Predator Unlock,May 18 2011,69
Magicka 2,May 26 2015,69
Marc Eckō's Getting Up: Contents Under Pressure,Dec 13 2013,69
Mayan Death Robots,Nov 20 2015,69
Megabyte Punch,Oct 15 2013,69
Minimum,Sep 10 2014,69
Nail'd,Nov 30 2010,69
Nancy Drew: The Phantom of Venice,Jul 17 2009,69
Neighbours from Hell,Nov 7 2013,69
Oblitus,Feb 27 2015,69
Octodad: Dadliest Catch,Jan 30 2014,69
Of Orcs And Men,Oct 11 2012,69
Order of War,Sep 17 2009,69
Panzer Tactics HD,May 22 2014,69
Pro Evolution Soccer 2017,Sep 14 2016,69
Quake III: Team Arena,Aug 3 2007,69
Rag Doll Kung Fu,Oct 12 2005,69
Resident Evil 6 / Biohazard 6,Mar 22 2013,69
Risen 2 - Dark Waters,Apr 26 2012,69
Rogue Trooper,Mar 29 2007,69
Runespell: Overture,Jul 20 2011,69
Safecracker: The Ultimate Puzzle Adventure,Aug 29 2007,69
Shelter,Aug 28 2013,69
Sorcery! Parts 1 & 2,Feb 2 2016,69
Star Hammer: The Vanguard Prophecy ,Jun 4 2015,69
The Coma,Oct 19 2015,69
The Guest,Mar 10 2016,69
The Marvellous Miss Take,Nov 20 2014,69
Thunder Wolves,May 15 2013,69
Toybox Turbos,Nov 11 2014,69
Train Valley,Sep 16 2015,69
TransOcean 2: Rivals,May 10 2016,69
Valhalla Hills,Dec 2 2015,69
A Golden Wake,Oct 9 2014,68
A Valley Without Wind 2,Feb 18 2013,68
A.R.E.S.,Jan 19 2011,68
Age of Empires II: HD Edition,Apr 9 2013,68
Aliens vs. Predator,Feb 16 2010,68
Avencast,Mar 17 2010,68
Binary Domain,Apr 27 2012,68
Blackguards,Jan 22 2014,68
Blueberry Garden,Jun-09,68
Bone: Out from Boneville,Jun 17 2008,68
Call of Duty: Ghosts,Mar 25 2014,68
Call of Duty: Ghosts - Multiplayer,Mar 25 2014,68
Car Mechanic Simulator 2015,Apr 23 2015,68
Champions of Anteria,Aug 30 2016,68
Commander: Conquest of the Americas,Jul 30 2010,68
Costume Quest 2,Oct 7 2014,68
CrimeCraft GangWars,Aug 22 2011,68
Crimsonland,Jun 11 2014,68
Cubemen 2,Apr 8 2013,68
Dark Fall 1: The Journal,Dec 3 2013,68
Defragmented,Feb 12 2016,68
Dracula 2: The Last Sanctuary,Apr 17 2014,68
Elven Legacy: Ranger,Oct 20 2009,68
FIM Speedway Grand Prix 15,Nov 30 2015,68
FINAL FANTASY III,May 27 2014,68
Five Nights at Freddy's 3,Mar 2 2015,68
Galcon Fusion,Feb 11 2010,68
Game Dev Tycoon,Aug 29 2013,68
Hatoful Boyfriend,Sep 4 2014,68
In Between,Aug 21 2015,68
INK,Aug 5 2015,68
Inside My Radio,May 11 2015,68
Job Simulator,Apr 5 2016,68
Joint Task Force,Mar 27 2007,68
Koihime Enbu,May 19 2016,68
Kromaia,Oct 23 2014,68
Line of Sight: Vietnam,Dec 1 2016,68
Little Inferno,Nov 19 2012,68
Masochisia,Oct 9 2015,68
Master Spy,Sep 8 2015,68
Men of War: Assault Squad 2,May 15 2014,68
Men of War: Vietnam,Sep 8 2011,68
Metrico+,Aug 23 2016,68
Metrocide,Dec 15 2014,68
Mount & Blade: With Fire and Sword,May 3 2011,68
Munin,Jun 10 2014,68
Nancy Drew: The Creature of Kapu Cave,Jul 17 2009,68
Neverending Nightmares,Sep 26 2014,68
Nikopol: Secrets of the Immortals,Jul 30 2009,68
Nom Nom Galaxy,Aug 3 2015,68
Nova-111,Aug 25 2015,68
Paperbound,Mar 31 2015,68
Parallax,Mar 10 2015,68
Pixel Galaxy,Oct 2 2015,68
Pure Pool,Jul 31 2014,68
RainBlood Chronicles: Mirage,Nov 11 2013,68
RIDE: Game,Mar 27 2015,68
Rogue Stormers,Apr 21 2016,68
Rollers of the Realm,Nov 18 2014,68
Runers,Sep 2 2014,68
Scribblenauts Unmasked,Sep 24 2013,68
Serious Sam HD: The First Encounter,Nov 24 2009,68
Shad'O,Sep 4 2012,68
Shadowgate,Aug 21 2014,68
Sherlock Holmes: The Secret of the Silver Earring,Aug 6 2009,68
Sinking Island,Dec 5 2014,68
Space Empires V,Oct 16 2006,68
Space Rangers HD: A War Apart,Oct 17 2013,68
SPACECOM,Sep 17 2014,68
Spider-Man: Shattered Dimensions,Oct 23 2015,68
Sword of the Stars: The Pit, ,68
Tesla Effect,May 8 2014,68
The Ball,Oct 26 2010,68
The Cave,Jan 23 2013,68
The Charnel House Trilogy,Apr 16 2015,68
The Evil Within,Oct 13 2014,68
The Masterplan,Jun 4 2015,68
The Solus Project,Jun 7 2016,68
The Warlock of Firetop Mountain,Aug 30 2016,68
The Witcher Adventure Game,Nov 27 2014,68
Tom Clancy's EndWar,Feb 25 2009,68
Tony Tough and the Night of Roasted Moths,May 7 2015,68
UFO: Extraterrestrials Gold,Feb 17 2010,68
Unepic,Jul 25 2014,68
Warframe,Mar 25 2013,68
"Warhammer 40,000: Armageddon",Nov 26 2014,68
Warlocks vs Shadows,Aug 19 2015,68
WASTED,Jun 7 2016,68
White Night,Mar 3 2015,68
A Walk in the Dark,Nov 7 2013,67
AquaNox,Apr 20 2010,67
ARMED SEVEN,Mar 6 2015,67
BloodRayne 2,Sep 14 2006,67
CivCity: Rome,Apr 6 2007,67
Cloudberry Kingdom,Aug 2 2013,67
D4: Dark Dreams Don't Die,Jun 5 2015,67
Dracula: The Resurrection,Apr 17 2014,67
Dungeonland,Nov 12 2013,67
Eschalon: Book 3,Feb 14 2014,67
Faces of War,Apr 16 2014,67
Fantasy Wars,Aug 6 2010,67
FATED: The Silent Oath,Apr 28 2016,67
Incoming Forces,Mar 6 2014,67
Ittle Dew,Jul 23 2013,67
Kane & Lynch: Dead Men,Dec 13 2007,67
Keep Talking and Nobody Explodes,Oct 8 2015,67
Last Word,May 8 2015,67
Little King's Story,Aug 5 2016,67
Long Live The Queen,Nov 8 2013,67
Megamagic: Wizards of the Neon Age,Apr 20 2016,67
Oil Rush,Jan 25 2012,67
Operation Flashpoint: Red River,Jun 6 2011,67
Pacific Storm,Jun 24 2008,67
Penumbra: Requiem, ,67
Platformines,Mar 28 2014,67
Primal Carnage,Oct 29 2012,67
QuantZ,Sep 3 2009,67
Rhiannon: Curse of the Four Branches,May 15 2014,67
Rise of the Triad,Jul 31 2013,67
Secret Files 3,Sep 13 2012,67
Shank,Oct 25 2010,67
Shank,Oct 25 2010,67
Shank pre-order,Oct 25 2010,67
Shattered Union,Oct 25 2006,67
SimplePlanes,Dec 17 2015,67
Skyshine's BEDLAM,Sep 16 2015,67
Spintires,Jun 12 2014,67
Still Life 2,Jun 1 2011,67
The Banner Saga: Factions,Feb 25 2013,67
The Club,Feb 20 2008,67
The Park,Oct 27 2015,67
The Showdown Effect,Mar 5 2013,67
The UnderGarden,Nov 10 2010,67
Train Fever,Sep 4 2014,67
TurnOn,Jun 1 2016,67
Tycoon City: New York,Mar 12 2008,67
Uncanny Valley,Apr 23 2015,67
X: Beyond the Frontier,Oct 8 2010,67
Xotic,Sep 16 2011,67
99 Levels To Hell,Feb 19 2014,66
A Bird Story,Nov 7 2014,66
Absolute Drift,Jul 29 2015,66
Age of Mythology: Extended Edition,May 8 2014,66
Albedo: Eyes from Outer Space,Apr 10 2015,66
Alone in the Dark: The New Nightmare,Oct 29 2013,66
American Conquest - Fight Back,Aug 26 2011,66
Among the Sleep,May 29 2014,66
Armada 2526,Apr 8 2011,66
Armada 2526 Gold Edition,Feb 28 2013,66
Battleplan: American Civil War,Jul 4 2014,66
BlazeRush,Oct 28 2014,66
Chaser,Jul 16 2010,66
Citizens of Earth,Jan 20 2015,66
Cold Fear,May 13 2008,66
Concursion,Jun 6 2014,66
Culpa Innata,Jan 18 2008,66
Dark Fall 2: Lights Out,Dec 3 2013,66
Dark Sector,Mar 24 2009,66
Dead Rising 2: Off the Record,Oct 11 2011,66
Desperados 2: Cooper’s Revenge,Mar 12 2008,66
Devil May Cry 3: Special Edition,Jun 12 2007,66
Drunken Robot Pornography,Feb 19 2014,66
DuckTales Remastered,Aug 13 2013,66
Fairy Fencer F,Aug 4 2015,66
Final Exam,Nov 5 2013,66
FIVE: Guardians of David,Nov 24 2015,66
Flockers,Sep 19 2014,66
Ghost Pirates of Vooju Island,Jan 27 2015,66
Heroes of Might & Magic V: Hammers of Fate,Oct 10 2008,66
Hot Tin Roof: The Cat That Wore A Fedora,Feb 20 2015,66
I Am Alive,Sep 6 2012,66
Kane & Lynch 2: Dog Days,Aug 17 2010,66
King Arthur II - The Role-playing Wargame,Jan 27 2012,66
Last Days of Old Earth,Jun 7 2016,66
Lego Indiana Jones 2,Feb 18 2010,66
Light of Altair,Jun 4 2009,66
Lost Planet: Extreme Condition,Jun 26 2007,66
Memento Mori,Nov 9 2012,66
NaissanceE,Feb 13 2014,66
Oozi: Earth Adventure,Dec 5 2013,66
Oscura: Lost Light,Feb 24 2015,66
Party Hard,Aug 25 2015,66
Patrician IV: Steam Special Edition,Sep 17 2010,66
Planet of the Eyes,Aug 24 2015,66
realMyst,Aug 4 2010,66
Rise of Venice,Sep 27 2013,66
Rogue State,Oct 16 2015,66
Saints Row: Gat out of Hell,Jan 20 2015,66
Silence of the Sleep,Oct 1 2014,66
Sniper Elite V2,Apr 30 2012,66
Strike Suit Infinity, ,66
Strike Suit Zero,Jan 23 2013,66
Sunset,May 21 2015,66
Swords and Sorcery - Underworld - DEFINITIVE EDITION,Dec 15 2015,66
The Bureau: XCOM Declassified,Aug 19 2013,66
The Cameron Files: The Secret at Loch Ness,Jul 18 2014,66
The Escapists: The Walking Dead,Sep 30 2015,66
The Last Remnant,Apr 9 2009,66
The Lord of the Rings: War in the North,Nov 1 2011,66
The Novelist,Dec 10 2013,66
The Settlers: Rise of an Empire Gold Edition  ,Oct 10 2008,66
The Way,May 20 2016,66
The Yawhg,Feb 27 2014,66
Theatre of War,Jul 9 2010,66
Worms Ultimate Mayhem,Sep 28 2011,66
A Virus Named TOM,Aug 1 2012,65
Air Conflicts - Secret Wars,Sep 30 2011,65
Blacklight: Tango Down,Jul 14 2010,65
Blood of the Werewolf,Oct 28 2013,65
BloodRayne,Sep 14 2006,65
Choplifter HD,Jan 11 2012,65
Counter-Strike: Condition Zero,Mar 1 2004,65
Counter-Strike: Condition Zero,Mar 1 2004,65
Counter-Strike: Condition Zero Deleted Scenes,Mar 1 2004,65
Cradle,Jul 24 2015,65
Delta Force: Xtreme,Jun 18 2009,65
Depth,Nov 3 2014,65
Dragon Saga,Dec 22 2015,65
DUNGEONS - Steam Special Edition,Feb 10 2011,65
FLOCK!,Apr 7 2009,65
Grotesque Tactics: Evil Heroes,Oct 15 2010,65
Hearts of Iron III: Semper Fi Expansion,Jun 7 2010,65
Helldorado,Apr 30 2009,65
Heroes of Annihilated Empires,Nov 22 2006,65
Heroes of Might & Magic III - HD Edition,Jan 28 2015,65
Heroes of Normandie,Oct 1 2015,65
Hinterland,Sep 30 2008,65
HOARD,Apr 4 2011,65
"I, Zombie",Dec 8 2014,65
Insecticide Part 1,Jul 1 2008,65
Journey of a Roach,Nov 4 2013,65
Journey To The Center Of The Earth,Sep 25 2015,65
Journey to the Center of the Earth,Jul 22 2016,65
JUJU,Dec 10 2014,65
Lethis - Path of Progress,Jun 25 2015,65
Lords of the Realm III,Dec 3 2015,65
Memento Mori 2,May 13 2014,65
Need for Speed: Undercover,Dec 19 2008,65
Painkiller Overdose,Oct 30 2007,65
Prime World,Mar 31 2014,65
RC Cars,Apr 23 2014,65
Remember Me,Jun 3 2013,65
Risen 3 - Titan Lords,Aug 12 2014,65
Rusty Lake Hotel,Jan 29 2016,65
Slender: The Arrival,Oct 28 2013,65
"Slow Down, Bull",Apr 20 2015,65
Slybots: Frantic Zone,Jan 18 2016,65
Sonic and SEGA All Stars Racing,Mar 3 2010,65
Stairs,Sep 28 2015,65
STAR WARS™: The Force Unleashed™ Ultimate Sith Edition,Dec 15 2009,65
Stronghold Crusader 2,Sep 22 2014,65
Supreme Ruler 2020: Gold,Jul 9 2009,65
Sword of the Stars II: Enhanced Edition,Nov 30 2012,65
Two Worlds: Epic Edition,Apr 30 2009,65
Unrest,Jul 23 2014,65
War for the Overworld,Apr 2 2015,65
"War, the Game",Jan 12 2015,65
WRC 5,Oct 8 2015,65
X-COM: Enforcer,Sep 4 2008,65
ZOMBI,Aug 18 2015,65
Alien Breed 3: Descent,Nov 17 2010,64
Alien Breed: Impact,Jun 3 2010,64
Californium,Feb 17 2016,64
Cold War,Jan 8 2014,64
Command and Conquer 4: Tiberian Twilight,Mar 16 2010,64
Defiance,Jun 4 2014,64
Eidolon,Aug 1 2014,64
Farming Simulator 15,Oct 30 2014,64
Fire,Apr 9 2015,64
Gods Will Be Watching,Jul 24 2014,64
Guns of Icarus Online,Oct 29 2012,64
Hell Yeah!,Oct 3 2012,64
Hydrophobia: Prophecy,May 9 2011,64
Inquisitor,Aug-13,64
KHOLAT,Jun 9 2015,64
Larva Mortus,Mar 19 2009,64
Legend of Kay Anniversary,Jul 27 2015,64
Legions of Steel,Jul 16 2015,64
Master of Orion 3,Aug 25 2016,64
Naval War: Arctic Circle,Apr 10 2012,64
Painkiller Hell & Damnation,Oct 31 2012,64
Phantom Breaker: Battle Grounds,Jan 23 2015,64
Pressure,Mar 26 2013,64
Pro Cycling Manager 2016,Jun 16 2016,64
Red Faction II,Aug 6 2009,64
Restaurant Empire II,May 27 2009,64
Ryzom,May 6 2016,64
Secret Files: Puritas Cordis,Oct 29 2009,64
Serious Sam: The Random Encounter,Oct 24 2011,64
Sid Meier's Starships,Mar 12 2015,64
Silent Hill: Homecoming,Nov 6 2008,64
Skyward Collapse,May 23 2013,64
Spiral Knights,Jun 14 2011,64
The Impossible Game,May 8 2014,64
The Incredible Adventures of Van Helsing III,May 22 2015,64
The Mighty Quest For Epic Loot,Feb 25 2014,64
Warrior Kings: Battles,May 6 2014,64
Whispering Willows,Jul 9 2014,64
15 Days,Apr 1 2015,63
ADR1FT,Mar 28 2016,63
Alice in Wonderland,Oct 6 2014,63
Alien Breed 2: Assault,Sep 22 2010,63
AlternativA,Nov 5 2010,63
ArcaniA,Oct 15 2010,63
Aura: Fate of the Ages,Oct 4 2010,63
Blades of Time,Apr 20 2012,63
Conflicks - Revolutionary Space Battles,Nov 5 2015,63
Crush Your Enemies,Jul 13 2016,63
Curse: The Eye of Isis,Aug 22 2014,63
Deadpool,Jun 25 2013,63
Defense Technica,Oct 24 2013,63
Devilian,Dec 10 2015,63
Dirty Bomb,Jun-15,63
Disciples III: Resurrection,Oct 11 2011,63
Dragon's Prophet (EU),Sep 18 2013,63
Echelon: Wind Warriors,Aug 8 2014,63
Fist of Jesus,Oct 17 2014,63
Front Mission Evolved,Sep 28 2010,63
Gothic 3,Dec 2 2009,63
Grand Ages: Medieval,Sep 25 2015,63
Imperium Romanum: Gold Edition,Nov 25 2008,63
Jagged Alliance: Crossfire,Aug 24 2012,63
Life is Feudal: Your Own,Nov 17 2015,63
Lost Planet 2,Oct 15 2010,63
March of the Living,Apr 20 2016,63
Mata Hari,Jul 29 2009,63
MISSING: An Interactive Thriller - Episode One,May 25 2015,63
NecroVisioN,May 20 2009,63
Obscure,Mar 10 2014,63
Obscuritas,Mar 17 2016,63
Pid ,Oct 31 2012,63
Pneuma: Breath of Life,Feb 27 2015,63
Puzzle Agent 2,Jun 30 2011,63
Qora,Oct 2 2014,63
Quest for Infamy,Jul 10 2014,63
Rocket Knight,May 11 2010,63
Rulers of Nations,Jul 16 2014,63
"Sir, You Are Being Hunted",May 2 2014,63
SKYHILL,Oct 6 2015,63
Sneaky Sneaky,Nov 12 2014,63
Space Hack,Aug 5 2014,63
Spellweaver,Feb 1 2016,63
Storm,Jun 27 2013,63
Supreme Ruler Cold War,Jul 29 2011,63
The Baconing,Aug 31 2011,63
The Guild II - Pirates of the European Seas,Jun 24 2010,63
The Tiny Bang Story,Apr 22 2011,63
The Westport Independent,Jan 21 2016,63
Theatre of War 2: Africa 1943,Jul 9 2010,63
Vertiginous Golf,May 6 2015,63
Analogue: A Hate Story,Apr 27 2012,62
Between Me and The Night,Jan 22 2016,62
Bientôt l'été,Feb 6 2013,62
Buzz Aldrin's Space Program Manager,Oct 31 2014,62
Chantelise,Jul 29 2011,62
Chess 2: The Sequel,Aug 19 2014,62
Chronicles of Mystery: The Scorpio Ritual,Jun 18 2009,62
Contagion,Oct 25 2013,62
Continue?9876543210,Jan 3 2014,62
Contrast,Nov 15 2013,62
Dex,May 7 2015,62
Doc Clock: The Toasted Sandwich of Time,Oct 15 2010,62
Dominique Pamplemousse,Mar 11 2014,62
Etherium,Mar 25 2015,62
Euclidean,Sep 25 2015,62
F1 Race Stars,Nov 13 2012,62
Five Nights at Freddy's 2,Nov 10 2014,62
Goat Simulator,Apr 1 2014,62
Jagged Alliance - Back in Action,Feb 8 2012,62
Legend of Dungeon,Sep 13 2013,62
Moon Hunters,Mar 10 2016,62
NEON STRUCT,May 20 2015,62
Pineapple Smash Crew ,Feb 2 2012,62
Planetary Annihilation,Sep 5 2014,62
PONCHO,Nov 3 2015,62
Quantum Break,Sep 29 2016,62
Redshirt,Nov 13 2013,62
Sheltered,Mar 15 2016,62
Silent Hunter 5: Battle of the Atlantic,Mar-10,62
Silverfall,Mar 20 2007,62
Sniper Elite: Nazi Zombie Army,Feb 28 2013,62
The Old City: Leviathan,Dec 3 2014,62
TRAUMA,Aug 8 2011,62
Ubersoldier II,Mar 25 2014,62
War of the Vikings,Apr 15 2014,62
Warface,Jul 1 2014,62
Wings Over Europe,May 30 2014,62
Bus Driver,Jun 3 2014,61
Disorder,Jan 12 2015,61
Dream Pinball 3D,Sep 19 2012,61
Driver: Parallel Lines,Feb 13 2009,61
Evoland,Apr 4 2013,61
F1 2014,Oct 16 2014,61
F1 2015,Jul 9 2015,61
G-Force,Oct 6 2014,61
Hunted: The Demon's Forge,May 30 2011,61
Into the Stars,Mar 4 2016,61
Loki,Nov 5 2007,61
Lovely Planet,Jul 31 2014,61
Mafia III,Oct 6 2016,61
Magnetic: Cage Closed,May 26 2015,61
NARUTO SHIPPUDEN: Ultimate Ninja STORM Revolution,Sep 15 2014,61
Ninja Blade,Nov 19 2009,61
Oknytt,Apr 4 2014,61
Original War,Jan 27 2014,61
Perils of Man,Apr 28 2015,61
Razor2: Hidden Skies,Jul 19 2010,61
Redux: Dark Matters,Dec 12 2014,61
Rig 'n' Roll,Jul 9 2010,61
Ryse: Son of Rome,Oct 10 2014,61
Sacred Citadel,Apr 16 2013,61
SAGA,Aug 4 2015,61
Shadow Ops: Red Mercury,Jul 2 2014,61
Sherlock Holmes: The Mystery of The Mummy,Aug 6 2009,61
Signal Ops,Nov 18 2013,61
Spate,Mar 27 2014,61
StarDrive,Apr 26 2013,61
Sword Coast Legends,Oct 19 2015,61
Sym,May 7 2015,61
Tharsis,Jan 11 2016,61
The Guild II,Jun 24 2010,61
Traverser,Jul 9 2015,61
Velvet Assassin,May 1 2009,61
Venetica,Jan 23 2015,61
Vigil: Blood Bitterness,Jun 29 2007,61
Violett,Dec 13 2013,61
Watchmen: The End Is Nigh,Mar 4 2009,61
Windward,May 12 2015,61
Wings! Remastered Edition,Oct 17 2014,61
World War II: Panzer Claws,Sep 27 2013,61
A Fistful of Gun,Sep 23 2015,60
A Game of Dwarves,Oct 23 2012,60
Beyond Eyes,Aug 11 2015,60
Constant C,Mar 11 2014,60
Cossacks: Back to War,Sep 2 2010,60
Decay - The Mare,Feb 13 2015,60
Firefall,Jul 29 2014,60
How to Survive,Aug 29 2014,60
I am Bread,Apr 9 2015,60
IL-2 Sturmovik: Cliffs of Dover,Jul 19 2011,60
Magic 2015,Jul 16 2014,60
Off-Road Drive,Sep 29 2011,60
Pacific Storm: Allies,Aug 18 2008,60
Reign: Conflict of Nations,Jul 12 2010,60
Rigonauts,Aug 7 2012,60
Space Siege,Aug 14 2008,60
Toy Soldiers: War Chest,Aug 12 2015,60
Wars and Warriors: Joan of Arc,Sep 3 2015,60
We Are The Dwarves,Feb 25 2016,60
Alpha Prime,Nov 7 2007,59
Alter Ego,Aug 3 2010,59
AquaNox 2: Revelation,Apr 20 2010,59
Blue Estate,Apr 8 2015,59
Cross of the Dutchman,Sep 10 2015,59
Dead Effect,Dec 17 2014,59
Deadly Premonition: The Director's Cut,Oct 29 2013,59
Dream,Jul 31 2015,59
Face Noir,Oct 17 2013,59
Fireburst,Apr 25 2012,59
Ignite,Oct 28 2011,59
inMomentum,Oct 31 2011,59
Iron Grip: Warlord,Dec 5 2008,59
Journal,Feb 17 2014,59
Lifeless Planet,Jun 6 2014,59
Lucidity,Oct 7 2009,59
Lucius,Oct 26 2012,59
Mars: War Logs,Apr 26 2013,59
Master Reboot,Oct 29 2013,59
MURDERED: SOUL SUSPECT™,Jun 3 2014,59
N.E.R.O.: Nothing Ever Remains Obscure,Apr 29 2016,59
No Man's Sky,Aug 12 2016,59
No Pineapple Left Behind,Feb 18 2016,59
Obscure 2,Mar 10 2014,59
Orbital Gear,Aug 7 2014,59
POSTAL 2,Nov 2 2012,59
Rise of the Argonauts,Jan 7 2009,59
Schrödinger's Cat and the Raiders of the Lost Quark,Sep 23 2014,59
Scrap Garden,May 6 2016,59
Shattered Haven,Mar 18 2013,59
Shooting Stars!,Jan 19 2016,59
STAR WARS™: The Force Unleashed™ II,Oct 26 2010,59
Subject 13,May 28 2015,59
The Deer God,Feb 27 2015,59
The Descendant,Mar 24 2016,59
The Sun at Night,Aug 1 2014,59
Tom Clancy's Rainbow Six: Lockdown,May 13 2008,59
Tower Wars,Aug 14 2012,59
VoidExpanse,Apr 2 2015,59
Zoo Empire,Sep 3 2015,59
Bard's Gold,Aug 14 2015,58
Castlevania: Lords of Shadow 2,Feb 25 2014,58
Conflict: Denied Ops,Feb 8 2008,58
Cornerstone: The Song Of Tyrim,Apr 26 2016,58
Defenders of Ardania,Mar 14 2012,58
Game of Thrones ,Jun 7 2012,58
God Mode,Apr 19 2013,58
Highland Warriors,Mar 4 2016,58
Horizon,Feb 6 2014,58
Hotel Giant 2,Jan 27 2010,58
Hunter's Legacy,Jul 19 2016,58
Kraven Manor,Sep 26 2014,58
Kyn,Jul 28 2015,58
Lost Horizon 2,Oct 1 2015,58
Maelstrom,Feb 13 2009,58
Marine Park Empire,Sep 3 2015,58
Pineview Drive,Jul 31 2014,58
Prime World: Defenders,Jun 5 2013,58
Rayman: Raving Rabbids,Jun 13 2008,58
Shelter 2,Mar 9 2015,58
Space Hulk,Aug 15 2013,58
The Castle Doctrine,Jan 29 2014,58
The Settlers: Heritage of Kings,Jul 22 2008,58
The Weaponographist,Apr 29 2015,58
There Came an Echo,Feb 24 2015,58
Time Machine VR,May 19 2016,58
Urban Trial Freestyle,Sep 18 2013,58
ZHEROS,Feb 15 2016,58
Airline Tycoon 2,Oct 24 2011,57
Armikrog,Sep 30 2015,57
ARSLAN: THE WARRIORS OF LEGEND,Feb 9 2016,57
Back to Bed,Aug 6 2014,57
Dark Void,Jan 19 2010,57
Genesis Rising,Aug 6 2007,57
Goliath,May 12 2016,57
Jet Car Stunts,May 1 2014,57
Kill to Collect,Apr 6 2016,57
Knock-knock,Oct 4 2013,57
Legend: Hand of God,May 5 2009,57
Men of War: Condemned Heroes,Apr 12 2012,57
Naval Warfare,May 25 2011,57
Nether,Jun 5 2014,57
Ninja Reflex: Steamworks Edition,Mar 21 2008,57
Pulse,Oct 20 2015,57
Randal's Monday,Nov 12 2014,57
Sacred 3,Aug 5 2014,57
Shadow Puppeteer,Sep 29 2014,57
Shattered Skies,Jul 21 2016,57
SOL: Exodus,Jan 25 2012,57
Soul Axiom,Feb 29 2016,57
Tengami,Jan 15 2015,57
The Amazing Spider-Man 2,Apr 29 2014,57
The Assembly,Jul 19 2016,57
The First Templar,May 12 2011,57
Tiny Troopers,Aug 24 2012,57
Toren,May 11 2015,57
TRON: Evolution,Oct 6 2014,57
Two Brothers,Dec 3 2013,57
Vancouver 2010: The Official Video Game of the Olympic Winter Games,Feb 18 2010,57
Vector Thrust,Jul 2 2015,57
BeatBlasters III,Feb 21 2014,56
Bound By Flame,May 8 2014,56
Conflict Desert Storm,May 28 2012,56
Croixleur Sigma,Apr 30 2014,56
Disciples III: Renaissance,Jul 16 2010,56
Fair Strike,Apr 23 2015,56
Guardians of Middle-earth,Aug 29 2013,56
ICY,Jul 27 2015,56
Infinity Runner,Jul 14 2014,56
Iron Warriors: T-72 Tank Command,Jul 26 2006,56
Mega Coin Squad,Aug 15 2014,56
Phantaruk,Aug 16 2016,56
Pirates of Black Cove,Aug 2 2011,56
POSTAL,Mar 21 2013,56
Supreme League of Patriots Issue 1: A Patriot Is Born,Jan 29 2015,56
The Guild II: Renaissance,Jul 28 2010,56
Yar's Revenge,Apr 28 2011,56
Alone in the Dark,Oct 29 2013,55
Breached,Jun 22 2016,55
Calvino Noir,Aug 27 2015,55
CreaVures,Feb 23 2011,55
Darkout,Dec 4 2013,55
Defenders of Time,Nov 4 2014,55
DreadOut,May 15 2014,55
Gryphon Knight Epic,Aug 20 2015,55
Guardians of Graxia,Nov 10 2010,55
Hard to Be a God,Aug 24 2015,55
Hektor,Mar 13 2015,55
Humans Must Answer,Jan 16 2014,55
Iron Front : Liberation 1944,May 25 2012,55
Judge Dredd: Dredd vs Death,Mar 26 2009,55
Monochroma,May 28 2014,55
Mushroom Men: Truffle Trouble ,Mar 10 2015,55
OmniBus,May 26 2016,55
Red Game Without A Great Name,Dec 9 2015,55
Sniper: Ghost Warrior,Jun 24 2010,55
SpellForce 2 - Faith in Destiny,Jun 19 2012,55
Steel Storm: Burning Retribution,May 11 2011,55
The Blue Flamingo,Nov 18 2014,55
Warhammer Quest,Jan 7 2015,55
Woolfe - The Red Hood Diaries,Mar 17 2015,55
A Valley Without Wind,Apr 24 2012,54
Achron,Aug 29 2011,54
Battle Of Europe,Sep 18 2014,54
Bedlam,Oct 13 2015,54
Carmageddon: Reincarnation,May 21 2015,54
Dangerous Golf,Jun 2 2016,54
Duke Nukem Forever,Jun 13 2011,54
E.T. Armies,Mar 3 2016,54
El Matador,Apr 3 2014,54
Gemini: Heroes Reborn,Jan 18 2016,54
Hatoful Boyfriend: Holiday Star,Dec 15 2015,54
Homefront: The Revolution,May 17 2016,54
Jurassic Park: The Game,Nov 15 2011,54
King Arthur - Fallen Champions,Sep 16 2011,54
Moebius: Empire Rising,Apr 15 2014,54
Nexuiz,May 10 2012,54
POSTAL Redux,May 20 2016,54
Son of Nor,Apr 27 2015,54
SONIC THE HEDGEHOG 4 Episode II,May 15 2012,54
The Great Escape,Jan 11 2016,54
The Preposterous Awesomeness of Everything,Feb 9 2016,54
Trials of the Blood Dragon,Jun 13 2016,54
X-Blades,Apr 30 2009,54
Akaneiro: Demon Hunters,Nov 25 2014,53
Dead Effect 2,May 6 2016,53
Deadfall Adventures,Nov 15 2013,53
Death Track: Resurrection,May 6 2009,53
Dino D-Day,Apr 8 2011,53
Gemini Wars,Nov 2 2012,53
Harvester,Apr 4 2014,53
I Want To Be Human,Apr 15 2016,53
M.U.D. TV,Apr 19 2010,53
Planar Conquest,May 30 2016,53
Red Goddess: Inner World,Aug 31 2015,53
Sniper Elite: Nazi Zombie Army 2,Oct 31 2013,53
Speedball 2 HD,Dec 5 2013,53
Windforge,Mar 11 2014,53
Alien Rage - Unlimited,Sep 24 2013,52
Back in 1995,Apr 28 2016,52
Blade Kitten,May 22 2014,52
Enemy Front,Jun 10 2014,52
Escape Dead Island,Nov 18 2014,52
Krater,Jun 12 2012,52
Lords of Football,Apr 5 2013,52
Marine Sharpshooter II: Jungle Warfare,Apr 3 2014,52
Miner Wars 2081,Nov 28 2012,52
Sniper Ghost Warrior 2,Mar 11 2013,52
Worlds of Magic,Mar 19 2015,52
Call of Juarez: The Cartel,Sep 13 2011,51
Clutch,Jul 20 2009,51
Confrontation,Apr 4 2012,51
Darkest of Days,Sep-09,51
Daylight,Apr 29 2014,51
Delta Force: Task Force Dagger,Jun 18 2009,51
Dinocide,Jan 21 2016,51
Five Nights at Freddy's 4,Jul 23 2015,51
Hospital Tycoon,Feb 13 2009,51
Mighty No. 9,Jun 21 2016,51
Talisman: Digital Edition,Feb 25 2014,51
The Haunted: Hells Reach,Oct 24 2011,51
Animal Gods,Oct 12 2015,50
Gomo,Dec 6 2013,50
IS Defense,Apr 19 2016,50
Legendary,Dec 1 2008,50
Railroad Pioneer,Jul 1 2014,50
Shiny,Aug 31 2016,50
Trapped Dead,Jul 15 2011,50
Tryst,Sep 14 2012,50
Adventure Park,Nov 8 2013,49
Anomaly 1729,Dec 30 2015,49
Ares Omega,Mar 11 2016,49
Bad Bots, ,49
Blood Alloy: Reborn,Mar 2 2016,49
Cannon Fodder 3,Aug 6 2012,49
Corpse of Discovery,Aug 25 2015,49
Garshasp: The Monster Slayer,May 9 2011,49
Light,Jul 14 2014,49
Ship Simulator Extremes,Aug 27 2010,49
Spacebase DF-9,Oct 27 2014,49
Theatre of War 3: Korea,Mar 24 2011,49
theHunter: Primal,Mar 31 2015,49
TRISTOY,Jan 15 2015,49
YAIBA: NINJA GAIDEN Z,Mar 21 2014,49
APOX,Jan 20 2011,48
Eisenhorn: XENOS,Aug 8 2016,48
Epanalepsis,May 21 2015,48
Grotesque Tactics 2 - Dungeons and Donuts,Nov 21 2011,48
Karateka ,Dec 3 2012,48
Lucius II,Feb 13 2015,48
Resident Evil™: Operation Raccoon City,May 18 2012,48
Special Forces: Team X,Feb 6 2013,48
Arma Tactics,Oct 1 2013,47
Cities XXL,Feb 5 2015,47
Coast Guard,Oct 21 2015,47
Hexodius,Jun 21 2013,47
Karmaflow: The Rock Opera Videogame,May 6 2015,47
Line Of Defense Tactics - Tactical Advantage,Mar 17 2014,47
Tactical Intervention,Oct 8 2013,47
Frozen Hearth,Dec 19 2013,46
NightCry,Mar 28 2016,46
STAR WARS™: The Clone Wars - Republic Heroes™,Oct 6 2009,46
Starpoint Gemini,Feb 16 2012,46
Viridi,Aug 19 2015,46
Agarest: Generations of War,Feb 4 2014,45
Aliens: Colonial Marines, ,45
Bohemian Killing,Jul 21 2016,45
Deus Ex: The Fall,Mar 17 2014,45
Impire,Feb 14 2013,45
LA Cops,Mar 13 2015,45
Cortex Command,Sep 28 2012,44
Post Apocalyptic Mayhem,Mar 17 2011,44
Watchmen: The End Is Nigh Part 2,Jul 29 2009,44
Air Conflicts: Vietnam,Oct 2 2013,43
Dragons and Titans,Mar 12 2014,43
ENKI,Jul 31 2015,43
Ghostbusters: Sanctum of Slime,Mar 23 2011,43
Hatred,Jun 1 2015,43
Meridian: New World,Sep 26 2014,43
Painkiller: Redemption,Feb 25 2011,43
Perimeter 2: New Earth,Feb 10 2009,43
Prospekt,Feb 18 2016,43
Clan of Champions,Oct 30 2012,42
4PM,Jul 9 2014,41
Brigade E5: New Jagged Union,Apr 30 2014,41
Damnation,May 22 2009,41
DARK,Jul 3 2013,41
DreamBreak,Jul 21 2016,41
Monumental,Jan 22 2016,41
Rocko's Quest,Apr 24 2014,41
Wayward Manor,Jul 15 2014,41
Alekhine's Gun,Mar 11 2016,40
Doors,Feb 12 2016,40
I Can't Escape: Darkness,Sep 17 2015,40
Super Duper Party Pooper,Jun 6 2016,40
The Chaos Engine,Aug 29 2013,40
Deep Black : Reloaded,Apr 18 2012,39
Montague's Mount,Nov 19 2013,39
Only If,Jul 25 2014,39
Battle: Los Angeles,Mar 11 2011,38
Making History II: The War of the World,Aug 27 2010,38
Painkiller: Recurring Evil,Feb 29 2012,38
Painkiller: Resurrection,Oct 27 2009,38
Dementium II HD,Dec 17 2013,37
Global Ops: Commando Libya,Oct 26 2011,37
The Flock,Aug 21 2015,36
Drug Wars,Mar 17 2009,35
Ducati World Championship,Sep 21 2007,35
Shadow Harvest: Phantom Ops,Apr 5 2011,34
Takedown: Red Sabre,Feb 10 2014,34
X Rebirth,Nov 15 2013,33
Majestic Nights,Oct 30 2014,32
Zombeer,Jan 30 2015,32
Tunnel Rats 1968,May 15 2009,30
Rogue Warrior,Dec 1 2009,29
Fray,Jun 19 2012,27
Postal 3,Feb 17 2012,24
Gettysburg: Armored Warfare,Mar 27 2012,22
Citadels,Jul 25 2013,20
